"UnitNumber","Time","Setting1","Setting2","Setting3","Sensor1","Sensor2","Sensor3","Sensor4","Sensor5","Sensor6","Sensor7","Sensor8","Sensor9","Sensor10","Sensor11","Sensor12","Sensor13","Sensor14","Sensor15","Sensor16","Sensor17","Sensor18","Sensor19","Sensor20","Sensor21","sd_10_Sensor1","sd_10_Sensor2","sd_10_Sensor3","sd_10_Sensor4","sd_10_Sensor5","sd_10_Sensor6","sd_10_Sensor7","sd_10_Sensor8","sd_10_Sensor9","sd_10_Sensor10","sd_10_Sensor11","sd_10_Sensor12","sd_10_Sensor13","sd_10_Sensor14","sd_10_Sensor15","sd_10_Sensor16","sd_10_Sensor17","sd_10_Sensor18","sd_10_Sensor19","sd_10_Sensor20","sd_10_Sensor21","k_closest_Sensor1","k_closest_Sensor2","k_closest_Sensor3","k_closest_Sensor4","k_closest_Sensor5","k_closest_Sensor6","k_closest_Sensor7","k_closest_Sensor8","k_closest_Sensor9","k_closest_Sensor10","k_closest_Sensor11","k_closest_Sensor12","k_closest_Sensor13","k_closest_Sensor14","k_closest_Sensor15","k_closest_Sensor16","k_closest_Sensor17","k_closest_Sensor18","k_closest_Sensor19","k_closest_Sensor20","k_closest_Sensor21","RUL"
1,31,-6.000000000000001E-4,4.0E-4,100,518.67,642.58,1581.22,1398.91,14.620000000000001,21.61,554.42,2388.08,9056.4,1.3,47.230000000000004,521.79,2388.06,8130.110000000001,8.4024,0.03,393,2388,100,38.81,23.3552,0,0.2676284738214521,4.375641210154224,3.2876084012546225,0,3.552713678800501E-15,0.5370661039388234,0.029137604568698953,4.601145074869807,2.220446049250313E-16,0.1056219674120882,0.25988458977015233,0.026627053911367042,2.4966916109124435,0.021193633478004632,6.938893903907228E-18,0.7483314773547883,0,0,0.10826356727911805,0.025035343017422152,518.67,642.4833333333332,1584.53,1399.1100000000001,14.620000000000001,21.61,554.3066666666667,2388.0766666666664,9053.136666666667,1.3,47.32333333333333,521.7966666666666,2388.066666666667,8130.16,8.411533333333333,0.03,392.3333333333333,2388,100,38.836666666666666,23.355833333333333,112
2,49,0.0018000000000000002,-1.0E-4,100,518.67,642.5500000000001,1586.5900000000001,1410.83,14.620000000000001,21.61,553.52,2388.1,9044.77,1.3,47.67,521.74,2388.09,8126.900000000001,8.4505,0.03,391,2388,100,38.81,23.2618,0,0.12039933554635217,2.7348820815530632,3.2940930466518155,0,3.552713678800501E-15,0.3289376840679766,0.034351128074577617,3.1600742079891693,2.220446049250313E-16,0.08371977066380437,0.3676737684415348,0.01857417562100818,1.9494983970243416,0.022625801643256477,6.938893903907228E-18,0.8,0,0,0.0805046582503161,0.04715449607407529,518.67,642.5566666666667,1587.2933333333333,1409.6633333333332,14.620000000000001,21.61,553.5500000000001,2388.1000000000004,9045.37,1.3,47.55666666666667,521.57,2388.096666666667,8126.923333333333,8.447899999999999,0.03,391.6666666666667,2388,100,38.85666666666666,23.2814,98
3,126,-0.0016,4.0E-4,100,518.67,642.88,1589.75,1418.89,14.620000000000001,21.61,552.59,2388.16,9049.26,1.3,47.88,520.83,2388.14,8131.46,8.411900000000001,0.03,395,2388,100,38.93,23.274,0,0.25092628399591577,3.7059898812597813,2.9549862943844776,0,3.552713678800501E-15,0.3372847461715581,0.024819347291929826,3.2371864326911037,2.220446049250313E-16,0.1251598977308635,0.28612060394176797,0.025865034312737754,2.755282381172468,0.021768325613147378,6.938893903907228E-18,0.9433981132056604,0,0,0.12712592182556562,0.037166125706078225,518.67,642.8633333333333,1589.6266666666668,1414.8100000000002,14.620000000000001,21.61,552.7033333333333,2388.1466666666665,9048.406666666668,1.3,47.76666666666667,520.7433333333333,2388.1533333333327,8131.456666666666,8.442599999999999,0.03,394.6666666666667,2388,100,38.75333333333333,23.253533333333333,69
4,106,0.0012000000000000001,4.0E-4,100,518.67,642.78,1594.53,1406.88,14.620000000000001,21.61,552.64,2388.13,9051.300000000001,1.3,47.65,521.88,2388.11,8133.64,8.4634,0.03,395,2388,100,38.58,23.258100000000002,0,0.17976651523572285,2.7090485414624577,4.0478359650558815,0,3.552713678800501E-15,0.41866932058604633,0.04247352116310058,4.81240521984617,2.220446049250313E-16,0.04919349550499498,0.28281442678901225,0.023685438564598885,2.5810666399765174,0.015730508574105382,6.938893903907228E-18,1.019803902718557,0,0,0.09737042672187507,0.051870169654629594,518.67,642.7733333333334,1593.9333333333334,1407.0833333333333,14.620000000000001,21.61,553.08,2388.1233333333334,9051.94,1.3,47.64666666666667,521.6633333333333,2388.12,8133.91,8.464566666666668,0.03,394.3333333333333,2388,100,38.69333333333334,23.25636666666667,82
5,98,-0.0013000000000000002,-4.0E-4,100,518.67,642.27,1589.94,1419.3600000000001,14.620000000000001,21.61,553.29,2388.1,9053.99,1.3,47.46,521.0,2388.15,8125.74,8.436200000000001,0.03,394,2388,100,38.75,23.4117,0,0.1926551322960298,2.764665621734402,4.714275023797402,0,3.552713678800501E-15,0.4447696032779233,0.02828427124748441,3.3541788861058635,2.220446049250313E-16,0.10909170454255501,0.22699118925632575,0.030999999999997477,3.4816323757685375,0.017218466830702474,6.938893903907228E-18,0.6708203932499369,0,0,0.07799999999999939,0.07460846131639534,518.67,642.5666666666667,1590.7733333333333,1414.5600000000002,14.620000000000001,21.61,553.4599999999999,2388.1,9054.173333333332,1.3,47.42333333333334,521.04,2388.15,8127.8499999999985,8.437633333333332,0.03,393.6666666666667,2388,100,38.76,23.357,91
6,105,0.0076,-3.0000000000000003E-4,100,518.67,643.0500000000001,1586.94,1404.49,14.620000000000001,21.61,553.73,2388.14,9055.83,1.3,47.51,521.5600000000001,2388.15,8139.02,8.4452,0.03,393,2388,100,38.910000000000004,23.326900000000002,0,0.33991763708284906,3.056874384072686,2.5081076531919564,0,3.552713678800501E-15,0.3723237838226331,0.025865034312681497,2.6769901008409085,2.220446049250313E-16,0.08022468448052586,0.33714092009129537,0.022000000000017197,2.837512290722319,0.015075679089181946,6.938893903907228E-18,0.7483314773547883,0,0,0.12172099243762292,0.05529193521662976,518.67,642.9533333333334,1587.7033333333331,1405.0266666666666,14.620000000000001,21.61,553.4866666666667,2388.1466666666665,9053.793333333331,1.3,47.51666666666666,521.5133333333333,2388.1333333333328,8134.9800000000005,8.444066666666666,0.03,393.0,2388,100,38.87333333333334,23.3318,93
7,160,0.0016,-1.0E-4,100,518.67,642.1,1589.5900000000001,1413.57,14.620000000000001,21.61,553.42,2388.04,9070.99,1.3,47.32,522.32,2388.07,8149.1900000000005,8.402800000000001,0.03,393,2388,100,38.910000000000004,23.276300000000003,0,0.3754144376552434,2.816147900945518,5.492067370307818,0,3.552713678800501E-15,0.3397366627257035,0.0268514431641546,5.639715329695341,2.220446049250313E-16,0.0972676719162127,0.29087626235223024,0.033823069050614676,3.3029273379836326,0.017905205946874798,6.938893903907228E-18,0.5385164807134504,0,0,0.06609841147864377,0.06361110044638435,518.67,641.9966666666667,1589.14,1411.2766666666666,14.620000000000001,21.61,553.5533333333333,2388.0400000000004,9073.14,1.3,47.37000000000001,522.39,2388.0733333333337,8147.320000000001,8.413433333333332,0.03,393.0,2388,100,38.88666666666666,23.294766666666664,91
8,166,0.0016,-5.0E-4,100,518.67,642.59,1591.91,1413.89,14.620000000000001,21.61,553.51,2388.14,9049.960000000001,1.3,47.59,520.53,2388.12,8127.84,8.474400000000001,0.03,393,2388,100,38.730000000000004,23.2465,0,0.22079175709250248,4.2246354872344165,3.39587411427458,0,3.552713678800501E-15,0.32929621923125807,0.01962141687027859,3.5502895656550417,2.220446049250313E-16,0.042059481689626664,0.23350588857670765,0.04054626986542111,2.3110095196688243,0.014640819649186137,6.938893903907228E-18,0.7000000000000001,0,0,0.08352245207128393,0.04210477882616177,518.67,642.7400000000001,1593.676666666667,1413.17,14.620000000000001,21.61,553.3966666666666,2388.1466666666665,9051.26,1.3,47.57333333333333,520.8066666666667,2388.1133333333332,8128.64,8.4639,0.03,393.0,2388,100,38.74999999999999,23.268833333333333,95
9,55,-3.0000000000000003E-4,4.0E-4,100,518.67,642.27,1593.6100000000001,1410.27,14.620000000000001,21.61,552.58,2388.13,9057.57,1.3,47.58,521.65,2388.16,8134.76,8.4293,0.03,392,2388,100,38.78,23.3515,0,0.28913837517699303,4.25371884355324,2.7114431581724086,0,3.552713678800501E-15,0.3972014602188609,0.030347981810940707,3.3954286916382452,2.220446049250313E-16,0.12899999999999953,0.3220310544031332,0.03544009029327568,3.3779119289882256,0.015566772305137791,6.938893903907228E-18,0.6324555320336759,0,0,0.07608547824650856,0.05133586368222525,518.67,642.3766666666667,1590.946666666667,1409.3666666666668,14.620000000000001,21.61,552.97,2388.13,9054.726666666667,1.3,47.56333333333333,521.5466666666667,2388.163333333334,8133.570000000001,8.4358,0.03,392.3333333333333,2388,100,38.78333333333333,23.343300000000003,111
10,192,-0.0018000000000000002,4.0E-4,100,518.67,643.0,1589.5,1398.99,14.620000000000001,21.61,552.88,2388.11,9060.880000000001,1.3,47.59,521.82,2388.08,8141.91,8.4194,0.03,393,2388,100,38.79,23.2956,0,0.36620895674465104,3.3515174175289633,5.7644916514815385,0,3.552713678800501E-15,0.5226327582538091,0.03257299494978969,2.96109591198921,2.220446049250313E-16,0.12767536959022419,0.27325628995503876,0.026381811916518397,3.5802703808513043,0.02316320573668535,6.938893903907228E-18,0.7483314773547882,0,0,0.0838093073590273,0.0691639819559284,518.67,642.9433333333334,1588.6800000000005,1399.8733333333332,14.620000000000001,21.61,553.29,2388.116666666667,9061.516666666665,1.3,47.55333333333334,521.62,2388.066666666666,8142.153333333333,8.409999999999998,0.03,392.6666666666667,2388,100,38.81,23.291300000000007,96
11,83,1.0E-4,4.0E-4,100,518.67,642.42,1587.73,1414.22,14.620000000000001,21.61,552.8000000000001,2388.21,9037.11,1.3,47.67,520.74,2388.18,8116.85,8.464,0.03,394,2388,100,38.660000000000004,23.2908,0,0.22774766738650337,5.334500538944616,4.102465112587759,0,3.552713678800501E-15,0.3827845346928268,0.033406586176900746,3.5906023171603296,2.220446049250313E-16,0.08249242389456139,0.2689776942424781,0.03201562118715998,2.7613373571514344,0.0150181889720429,6.938893903907228E-18,1.044030650891055,0,0,0.07379024325749364,0.041940673575897425,518.67,642.6233333333333,1588.3700000000001,1416.1033333333332,14.620000000000001,21.61,552.9399999999999,2388.223333333334,9034.826666666668,1.3,47.660000000000004,520.8133333333334,2388.183333333333,8116.653333333333,8.457966666666668,0.03,393.3333333333333,2388,100,38.66333333333334,23.290899999999997,97
12,217,0.0013000000000000002,3.0000000000000003E-4,100,518.67,642.59,1595.9,1409.64,14.620000000000001,21.61,553.36,2388.04,9074.24,1.3,47.37,522.03,2388.02,8155.74,8.4482,0.03,393,2388,100,38.81,23.2861,0,0.19405153954554258,4.962616346243191,3.875481389453434,0,3.552713678800501E-15,0.31812104614438985,0.0368239052790549,4.035958374413647,2.220446049250313E-16,0.06252199612936152,0.21414014102918197,0.034481879299093396,2.3394890467791725,0.014935983395812997,6.938893903907228E-18,0.7810249675906655,0,0,0.07841555968046185,0.0738543187633602,518.67,642.62,1590.3833333333332,1409.0266666666666,14.620000000000001,21.61,553.6266666666667,2388.0499999999997,9072.216666666667,1.3,47.376666666666665,521.99,2388.0266666666666,8151.463333333333,8.442733333333337,0.03,392.6666666666667,2388,100,38.82,23.299533333333333,124
13,195,0.0032,-4.0E-4,100,518.67,642.37,1591.31,1414.51,14.620000000000001,21.61,553.28,2388.1,9060.92,1.3,47.52,521.3,2388.12,8146.8,8.4336,0.03,394,2388,100,38.75,23.282,0,0.16597891432347386,3.0025564107939564,4.056964505637175,0,3.552713678800501E-15,0.3172380809423596,0.03168595903551822,2.4434737567648983,2.220446049250313E-16,0.0447660585711993,0.2583098914095206,0.034000000000014546,3.6925981368136624,0.025374593592804487,6.938893903907228E-18,0.9,0,0,0.12924782396620832,0.06015795874196509,518.67,642.4300000000001,1592.6866666666665,1412.1366666666665,14.620000000000001,21.61,553.2666666666668,2388.096666666667,9061.94,1.3,47.52,521.4733333333335,2388.116666666667,8146.616666666666,8.436533333333333,0.03,393.3333333333333,2388,100,38.79333333333333,23.2845,95
14,46,0.0013000000000000002,-2.0E-4,100,518.67,642.91,1591.39,1408.3500000000001,14.620000000000001,21.61,553.75,2388.17,9037.35,1.3,47.57,520.66,2388.1,8118.1,8.423300000000001,0.03,393,2388,100,38.69,23.2603,0,0.1972029411545326,4.257826793095273,3.3502717800202753,0,3.552713678800501E-15,0.21888124634147504,0.033896902513314356,5.2446673869751015,2.220446049250313E-16,0.09635870484808384,0.29327291044349757,0.03340658617697153,3.1164500637745483,0.01565140249306763,6.938893903907228E-18,0.7483314773547883,0,0,0.05895761189193598,0.04393327781989438,518.67,642.86,1591.5133333333333,1408.4399999999998,14.620000000000001,21.61,553.4566666666667,2388.1666666666665,9036.973333333332,1.3,47.57333333333333,520.8733333333333,2388.1299999999997,8118.626666666667,8.424266666666666,0.03,393.0,2388,100,38.77333333333333,23.252533333333332,107
15,76,-0.0012000000000000001,0.0,100,518.67,642.49,1589.21,1400.6100000000001,14.620000000000001,21.61,554.08,2388.1,9056.1,1.3,47.25,522.12,2388.11,8139.75,8.4067,0.03,392,2388,100,39.17,23.4085,0,0.331089111871721,4.8360434241226615,3.8162961101046333,0,3.552713678800501E-15,0.3660382493674717,0.03072458299144649,3.809267121114172,2.220446049250313E-16,0.09610411021387173,0.2263271967749381,0.029681644159349777,3.056449737849518,0.016003340276330012,6.938893903907228E-18,0.916515138991168,0,0,0.11178550889985729,0.05659308173266375,518.67,642.4866666666667,1589.42,1398.9166666666667,14.620000000000001,21.61,554.07,2388.0933333333332,9057.023333333333,1.3,47.26666666666667,522.0500000000001,2388.0933333333337,8136.62,8.412066666666666,0.03,392.0,2388,100,39.06333333333333,23.421333333333337,83
16,113,-5.0E-4,2.0E-4,100,518.67,642.99,1587.03,1401.0,14.620000000000001,21.61,554.6,2388.08,9059.75,1.3,47.37,521.77,2388.08,8147.400000000001,8.4299,0.03,391,2388,100,38.81,23.304000000000002,0,0.21801146758828938,4.018309221550786,3.792203712882499,0,3.552713678800501E-15,0.3455734364791445,0.026095976701389117,2.4266044176996284,2.220446049250313E-16,0.042379240200833876,0.38230877572980754,0.02299999999994448,4.562982467641166,0.012047572369568564,6.938893903907228E-18,0.9433981132056604,0,0,0.06248199740725234,0.06044536045057566,518.67,642.6533333333333,1586.42,1401.4033333333334,14.620000000000001,21.61,554.32,2388.07,9060.53,1.3,47.37333333333334,521.6999999999999,2388.063333333333,8148.803333333333,8.428433333333334,0.03,391.0,2388,100,38.87000000000001,23.33836666666667,84
17,165,9.000000000000001E-4,-1.0E-4,100,518.67,642.9,1599.17,1412.54,14.620000000000001,21.61,553.49,2388.06,9094.72,1.3,47.550000000000004,521.52,2388.03,8171.9800000000005,8.4319,0.03,394,2388,100,38.7,23.294800000000002,0,0.2735415873318075,4.880139752097237,3.5298879585618326,0,3.552713678800501E-15,0.29993332592429617,0.024413111231467558,3.7192934812946175,2.220446049250313E-16,0.060133185513490665,0.32366031576328824,0.016763054614150362,3.6731490576888137,0.021403889833392413,6.938893903907228E-18,0.8717797887081347,0,0,0.09137286249209844,0.03399020594230046,518.67,642.87,1596.3266666666666,1411.78,14.620000000000001,21.61,553.45,2388.06,9094.98,1.3,47.55333333333334,521.4033333333333,2388.03,8171.703333333334,8.424233333333333,0.03,394.0,2388,100,38.73333333333334,23.2998,50
18,133,7.0E-4,1.0E-4,100,518.67,643.0,1600.45,1419.18,14.620000000000001,21.61,553.36,2388.14,9056.09,1.3,47.7,521.0600000000001,2388.19,8136.8,8.4418,0.03,395,2388,100,38.71,23.2637,0,0.2822693748885861,4.545301860162845,3.6150409402937993,0,3.552713678800501E-15,0.4387994986323413,0.0319530906172841,5.018545207527765,2.220446049250313E-16,0.07308214556237387,0.3127762778728713,0.022561028345383802,2.0953434086087626,0.0272967324051801,6.938893903907228E-18,0.8,0,0,0.09297849213662253,0.049481495531157875,518.67,642.96,1599.9633333333331,1417.4133333333332,14.620000000000001,21.61,553.3033333333333,2388.1333333333337,9056.806666666667,1.3,47.69,521.0466666666666,2388.1466666666665,8136.176666666667,8.4364,0.03,394.0,2388,100,38.70333333333333,23.273633333333333,28
19,135,4.0E-4,3.0000000000000003E-4,100,518.67,642.79,1588.88,1406.32,14.620000000000001,21.61,553.87,2388.1,9055.54,1.3,47.35,521.48,2388.06,8140.2,8.4768,0.03,393,2388,100,38.83,23.329700000000003,0,0.3681304116749821,2.3043011955905413,3.3027789814033515,0,0.0029999999999994033,0.3835413928117829,0.030016662039564067,4.146475732474404,2.220446049250313E-16,0.0717565328036405,0.21373113951877892,0.02459674775248918,2.7586692444003442,0.027128811252983585,6.938893903907228E-18,0.7999999999999999,0,0,0.045177427992307125,0.036662363535375615,518.67,642.63,1588.5133333333335,1406.1566666666668,14.620000000000001,21.61,554.0333333333333,2388.09,9058.843333333334,1.3,47.446666666666665,521.5066666666667,2388.0533333333333,8139.28,8.445966666666665,0.03,392.6666666666667,2388,100,38.87000000000001,23.321466666666666,87
20,184,-6.000000000000001E-4,-4.0E-4,100,518.67,643.75,1595.1200000000001,1419.6000000000001,14.620000000000001,21.61,552.19,2388.14,9066.49,1.3,48.13,520.64,2388.21,8138.860000000001,8.469000000000001,0.03,395,2388,100,38.35,23.0242,0,0.2538188330286031,5.019510334684073,1.9623060413706868,0,3.552713678800501E-15,0.4032629415158366,0.03487119154831193,3.3576749395973655,2.220446049250313E-16,0.1475940378199617,0.24029981273401274,0.03884584919902966,2.335375986859499,0.027013746500624217,6.938893903907228E-18,1.1661903789690602,0,0,0.13616166861492238,0.05653411447966599,518.67,643.6766666666666,1594.5233333333333,1420.1466666666665,14.620000000000001,21.61,552.0500000000001,2388.1733333333336,9064.04,1.3,48.06666666666667,520.58,2388.213333333333,8139.103333333333,8.4719,0.03,394.6666666666667,2388,100,38.47,23.08466666666667,16
21,148,0.005200000000000001,5.0E-4,100,518.67,642.66,1592.32,1403.77,14.620000000000001,21.61,553.86,2388.06,9087.25,1.3,47.46,522.02,2388.07,8168.51,8.441,0.03,392,2388,100,38.74,23.4982,0,0.2763041802072407,3.072345846417705,3.5316675947772973,0,3.552713678800501E-15,0.36216156615522477,0.022825424421076625,4.3097871177123075,2.220446049250313E-16,0.06554387843269549,0.20040958060931874,0.031064449134059417,3.4060176159262445,0.023804304232638122,6.938893903907228E-18,1.32664991614216,0,0,0.1137585161647245,0.06318572307095953,518.67,642.5766666666667,1591.5666666666666,1405.39,14.620000000000001,21.61,553.84,2388.0533333333337,9087.353333333333,1.3,47.42666666666667,522.0433333333333,2388.0533333333333,8166.8499999999985,8.445366666666668,0.03,392.3333333333333,2388,100,38.78333333333333,23.413800000000002,57
22,39,0.0,-5.0E-4,100,518.67,642.5,1583.42,1410.16,14.620000000000001,21.61,554.04,2388.09,9055.41,1.3,47.36,521.77,2388.11,8133.12,8.4143,0.03,392,2388,100,38.97,23.3058,0,0.2576742129123499,3.3116074646612237,3.6543181306503585,0,0.0029999999999994033,0.33698071161417537,0.01989974874212344,4.813055162783954,2.220446049250313E-16,0.11791946404220133,0.43669669107974657,0.027129319932519977,3.94214357932336,0.013063628898586983,6.938893903907228E-18,1.019803902718557,0,0,0.11198660634200877,0.06260081548989674,518.67,642.4899999999999,1588.7966666666669,1409.28,14.620000000000001,21.61,553.7800000000001,2388.096666666667,9049.883333333331,1.3,47.42333333333334,521.76,2388.11,8129.886666666665,8.414333333333333,0.03,392.0,2388,100,39.00333333333334,23.275599999999997,111
23,130,-6.000000000000001E-4,3.0000000000000003E-4,100,518.67,642.03,1588.77,1403.06,14.620000000000001,21.61,554.15,2388.05,9051.1,1.3,47.22,521.83,2388.08,8133.6,8.424900000000001,0.03,392,2388,100,38.97,23.2815,0,0.25900772189262516,3.2787009622714973,3.1665313830751742,0,3.552713678800501E-15,0.33326415948913424,0.03796050579222939,4.336033325517787,2.220446049250313E-16,0.0772593036468754,0.27119918878932536,0.032924155266364344,2.1880484455331493,0.02418847039397039,6.938893903907228E-18,0.7483314773547882,0,0,0.06220128616033539,0.05640640034605968,518.67,642.35,1588.6333333333332,1400.1433333333334,14.620000000000001,21.61,554.1533333333333,2388.0733333333333,9052.256666666666,1.3,47.18333333333334,521.7633333333333,2388.0666666666666,8132.593333333333,8.412600000000001,0.03,392.0,2388,100,38.95,23.3507,113
24,186,-4.0E-4,2.0E-4,100,518.67,643.28,1593.82,1415.13,14.620000000000001,21.61,553.78,2388.08,9148.56,1.3,47.7,520.69,2388.07,8211.210000000001,8.4785,0.03,393,2388,100,38.72,23.209300000000002,0,0.22045634488487328,5.511820842516556,3.7454640566957784,0,3.552713678800501E-15,0.5120976469385339,0.028301943396083818,6.552303488087108,2.220446049250313E-16,0.10693923508235932,0.38823188946811665,0.033406586176944315,5.94507897340324,0.017770731555003322,6.938893903907228E-18,0.66332495807108,0,0,0.11255665240224524,0.054783789573194075,518.67,643.2233333333332,1591.2866666666669,1413.6500000000005,14.620000000000001,21.61,553.52,2388.09,9146.823333333334,1.3,47.68666666666667,521.07,2388.06,8212.356666666667,8.4776,0.03,393.6666666666667,2388,100,38.63,23.2403,20
25,48,0.0019,-4.0E-4,100,518.67,642.92,1584.08,1403.1000000000001,14.620000000000001,21.61,553.5500000000001,2388.08,9046.2,1.3,47.38,521.75,2388.07,8132.18,8.4422,0.03,394,2388,100,38.9,23.387600000000003,0,0.342404731275733,3.5349987270152945,3.2830237586712623,0,3.552713678800501E-15,0.4747251836589459,0.026248809496724538,3.027041625085478,2.220446049250313E-16,0.058043087443725994,0.2862324230411238,0.021189620100403185,2.2326712700261937,0.026618745274711933,6.938893903907228E-18,0.66332495807108,0,0,0.09002777349240638,0.07050254250734478,518.67,642.7666666666665,1584.89,1402.66,14.620000000000001,21.61,553.5999999999999,2388.076666666667,9047.82,1.3,47.35333333333333,521.8633333333333,2388.0766666666664,8133.093333333333,8.427833333333332,0.03,393.0,2388,100,38.903333333333336,23.371666666666666,145
26,76,-0.002,3.0000000000000003E-4,100,518.67,642.3100000000001,1580.98,1402.4,14.620000000000001,21.61,554.45,2388.02,9074.01,1.3,47.4,521.9300000000001,2387.98,8151.64,8.4331,0.03,392,2388,100,38.89,23.366,0,0.23099783548770297,2.9266902808462754,4.406615935159319,0,3.552713678800501E-15,0.4311623824036766,0.03238826948141806,4.673741113925588,2.220446049250313E-16,0.08096912991998896,0.3688482072614474,0.029137604568675552,3.77194697735801,0.026036530106755485,6.938893903907228E-18,0.7810249675906654,0,0,0.08487638069569281,0.05706363903572898,518.67,642.2633333333333,1584.4166666666667,1403.01,14.620000000000001,21.61,554.3866666666668,2388.03,9069.086666666668,1.3,47.40333333333333,521.9633333333334,2387.9866666666667,8151.763333333332,8.405733333333332,0.03,392.0,2388,100,38.92333333333333,23.35963333333334,119
27,140,0.0038,5.0E-4,100,518.67,642.5600000000001,1586.56,1407.16,14.620000000000001,21.61,553.3000000000001,2388.06,9049.45,1.3,47.44,521.64,2388.14,8124.150000000001,8.440000000000001,0.03,392,2388,100,38.9,23.185000000000002,0,0.20402205763103698,2.894664747427586,2.569242106147291,0,3.552713678800501E-15,0.3485699355939993,0.03638681079724742,3.115491133031671,2.220446049250313E-16,0.06621178142898694,0.21757987039245769,0.039102429591966754,4.011271743474918,0.016224376721464418,6.938893903907228E-18,0.8,0,0,0.0871148666990885,0.0780278572049748,518.67,642.4899999999999,1588.0266666666666,1405.533333333333,14.620000000000001,21.61,553.5533333333334,2388.0633333333335,9050.196666666669,1.3,47.41333333333334,521.6800000000001,2388.1066666666666,8128.46,8.4452,0.03,391.6666666666667,2388,100,38.88666666666666,23.2357,66
28,158,-2.0E-4,0.0,100,518.67,642.86,1590.81,1405.28,14.620000000000001,21.61,553.26,2388.1,9065.84,1.3,47.59,521.63,2388.11,8134.63,8.4564,0.03,393,2388,100,38.86,23.282600000000002,0,0.3553997749014341,3.7354417409457783,3.864492334058941,0,3.552713678800501E-15,0.36144847488958665,0.0241039415863556,5.754928409633106,2.220446049250313E-16,0.08040522371090128,0.3804471053904699,0.024899799196009608,1.9883432802210592,0.023548887447181036,6.938893903907228E-18,1.0770329614269012,0,0,0.10461357464497607,0.07419115580714454,518.67,642.86,1590.7666666666669,1406.0566666666666,14.620000000000001,21.61,553.48,2388.1066666666666,9067.193333333336,1.3,47.61666666666667,521.4833333333335,2388.1033333333335,8136.4733333333315,8.447666666666665,0.03,393.0,2388,100,38.84333333333334,23.293733333333332,97
29,171,-2.0E-4,-1.0E-4,100,518.67,642.53,1585.72,1405.88,14.620000000000001,21.61,553.29,2388.08,9074.11,1.3,47.26,521.57,2388.07,8147.27,8.420200000000001,0.03,393,2388,100,38.980000000000004,23.1975,0,0.27235271248878884,4.371672906336896,4.274066096821606,0,3.552713678800501E-15,0.37512664528128553,0.023151673805512255,4.085836634032217,2.220446049250313E-16,0.12603174203350528,0.19946177578672225,0.033896902513341196,3.4648601703387123,0.01731747383425209,6.938893903907228E-18,0.4582575694955841,0,0,0.0661815684310966,0.08153101005139071,518.67,642.6833333333333,1583.18,1405.53,14.620000000000001,21.61,553.48,2388.0733333333333,9072.123333333337,1.3,47.28333333333333,521.6633333333333,2388.0833333333335,8145.873333333334,8.430766666666665,0.03,393.0,2388,100,38.93666666666667,23.229300000000002,90
30,143,-0.0036000000000000003,0.0,100,518.67,642.54,1599.22,1408.6200000000001,14.620000000000001,21.61,553.01,2388.12,9057.710000000001,1.3,47.61,521.32,2388.13,8135.4400000000005,8.4829,0.03,393,2388,100,38.78,23.317500000000003,0,0.3516091580149835,3.9514707388515533,2.6934691384903817,0,3.552713678800501E-15,0.387484193226016,0.031999999999973744,4.48216699822752,2.220446049250313E-16,0.09359487165437949,0.24762875438850193,0.0225610283453697,3.6386817667940683,0.025993568435287922,6.938893903907228E-18,1.1,0,0,0.06523802572119977,0.0696564598583648,518.67,642.6066666666667,1596.43,1408.8166666666666,14.620000000000001,21.61,553.2033333333333,2388.1133333333332,9053.44,1.3,47.60333333333333,521.2200000000001,2388.13,8133.116666666666,8.479000000000001,0.03,393.0,2388,100,38.77333333333334,23.270066666666665,115
31,196,-5.0E-4,1.0E-4,100,518.67,643.3100000000001,1598.19,1420.66,14.620000000000001,21.61,551.48,2388.18,9090.98,1.3,47.78,519.55,2388.2200000000003,8157.84,8.5015,0.03,395,2388,100,38.53,23.110500000000002,0,0.26046304920277025,3.4379883653089642,5.091218321777176,0,3.552713678800501E-15,0.21339165869359386,0.028999999999993226,4.772782102715477,2.220446049250313E-16,0.11866338946785585,0.2342648074295324,0.031128764832478277,2.838180579173894,0.01852892063774891,6.938893903907228E-18,0.6000000000000001,0,0,0.10268398122394634,0.08919255574317797,518.67,643.3933333333333,1597.6366666666665,1424.4366666666665,14.620000000000001,21.61,551.5533333333333,2388.19,9090.14,1.3,47.90333333333334,519.7400000000001,2388.2066666666665,8157.149999999999,8.487499999999999,0.03,394.6666666666667,2388,100,38.51333333333334,23.0895,8
32,145,-0.0033,-1.0E-4,100,518.67,642.96,1587.3700000000001,1406.22,14.620000000000001,21.61,553.84,2388.05,9105.130000000001,1.3,47.480000000000004,522.3,2388.05,8173.900000000001,8.438,0.03,394,2388,100,38.84,23.3456,0,0.25099003964301636,3.7844298117418007,3.4644308334847804,0,3.552713678800501E-15,0.31997031112275665,0.022383029285549572,5.240840009006098,2.220446049250313E-16,0.06020797289396088,0.2853576703016598,0.02856571371418999,3.5664745898435473,0.01789143929369595,6.938893903907228E-18,0.916515138991168,0,0,0.12081390648431192,0.044453791739288234,518.67,642.7566666666668,1589.706666666667,1408.05,14.620000000000001,21.61,553.89,2388.0433333333335,9101.666666666666,1.3,47.49333333333333,521.9433333333333,2388.0400000000004,8174.0566666666655,8.438566666666668,0.03,393.6666666666667,2388,100,38.83000000000001,23.314333333333337,48
33,50,5.0E-4,5.0E-4,100,518.67,642.42,1579.3600000000001,1416.53,14.620000000000001,21.61,553.5600000000001,2388.14,9059.56,1.3,47.61,520.95,2388.11,8134.27,8.4463,0.03,392,2388,100,38.730000000000004,23.2843,0,0.37465851118052257,7.584593660836455,3.9609271641877273,0,3.552713678800501E-15,0.5069950690095303,0.01743559577409989,3.637595497028303,2.220446049250313E-16,0.09086253353280467,0.32021242949018613,0.02418677324485955,2.5802141383999695,0.01940953631594515,6.938893903907228E-18,1.1135528725660044,0,0,0.10885311203635979,0.047427380277641144,518.67,642.4166666666666,1584.8100000000002,1412.0866666666668,14.620000000000001,21.61,553.4333333333333,2388.1366666666668,9060.063333333332,1.3,47.57666666666666,521.2233333333335,2388.1,8135.163333333334,8.436633333333333,0.03,392.3333333333333,2388,100,38.73333333333333,23.28206666666667,106
34,203,-0.0011,-1.0E-4,100,518.67,643.74,1600.38,1427.49,14.620000000000001,21.61,551.77,2388.29,9036.27,1.3,48.13,519.44,2388.25,8122.110000000001,8.5158,0.03,397,2388,100,38.62,23.0641,0,0.1955019181491545,3.6170949669589745,5.505260121011553,0,3.552713678800501E-15,0.2523014070511743,0.03168595903556988,4.393795739448758,2.220446049250313E-16,0.10499523798725201,0.35488589715568153,0.03330165161071844,3.2338065804867564,0.013430994006401738,6.938893903907228E-18,1.2000000000000002,0,0,0.12500000000000017,0.047908021249056104,518.67,643.5566666666667,1600.1066666666666,1427.2166666666665,14.620000000000001,21.61,551.7533333333333,2388.273333333333,9040.666666666666,1.3,48.12000000000001,519.6966666666667,2388.2466666666664,8123.593333333333,8.507666666666665,0.03,396.6666666666667,2388,100,38.550000000000004,23.102833333333333,7
35,198,-0.0047,-3.0000000000000003E-4,100,518.67,643.4,1602.02,1428.42,14.620000000000001,21.61,551.76,2388.26,9079.880000000001,1.3,48.1,519.8100000000001,2388.2200000000003,8153.85,8.514100000000001,0.03,395,2388,100,38.63,23.1161,0,0.16460862674841142,1.6965438396929466,3.6007215943474353,0,3.552713678800501E-15,0.3624913792078377,0.022715633383292543,4.876742355302113,2.220446049250313E-16,0.11918053532351569,0.2625642778445103,0.0215406592285142,4.148003857278831,0.01448321787449174,6.938893903907228E-18,1.019803902718557,0,0,0.09699999999999939,0.05907728836024894,518.67,643.4033333333333,1600.9666666666665,1428.5533333333333,14.620000000000001,21.61,551.8266666666667,2388.2400000000002,9079.856666666668,1.3,48.046666666666674,519.8666666666667,2388.213333333333,8153.906666666667,8.507800000000001,0.03,394.6666666666667,2388,100,38.62,23.094566666666665,11
36,126,-0.0018000000000000002,-2.0E-4,100,518.67,642.94,1599.19,1418.98,14.620000000000001,21.61,552.32,2388.16,9056.300000000001,1.3,47.94,520.01,2388.2200000000003,8136.96,8.5259,0.03,394,2388,100,38.54,23.1534,0,0.2547331937537616,3.2451824293866345,3.0393000839008697,0,3.552713678800501E-15,0.3967316473386275,0.02856571371413587,5.043458039876931,2.220446049250313E-16,0.09402659198333156,0.27853904573685956,0.0266270539114012,2.8127431450453027,0.017699290946249866,6.938893903907228E-18,0.9,0,0,0.10979981785048656,0.0615728844541169,518.67,643.0300000000001,1599.5466666666669,1421.5766666666666,14.620000000000001,21.61,552.0033333333333,2388.163333333334,9061.65,1.3,47.879999999999995,519.9966666666667,2388.2133333333336,8136.7666666666655,8.512500000000001,0.03,394.3333333333333,2388,100,38.51,23.172,19
37,121,-6.000000000000001E-4,2.0E-4,100,518.67,643.34,1593.15,1413.38,14.620000000000001,21.61,552.5600000000001,2388.18,9041.710000000001,1.3,47.69,520.69,2388.15,8119.070000000001,8.4944,0.03,394,2388,100,38.76,23.2145,0,0.3499199908550515,4.628734708319358,1.6225439901586625,0,3.552713678800501E-15,0.38717437931765314,0.01428285685709818,3.5351090506516054,2.220446049250313E-16,0.08662563131083105,0.18624983221468597,0.024576411454881465,2.31025885995479,0.012969641475384248,6.938893903907228E-18,0.7483314773547882,0,0,0.1451378654934693,0.07172499215754546,518.67,643.3033333333334,1590.3700000000001,1413.3533333333337,14.620000000000001,21.61,552.59,2388.1800000000003,9042.966666666667,1.3,47.69,520.9066666666666,2388.1666666666665,8119.860000000001,8.47956666666667,0.03,393.6666666666667,2388,100,38.736666666666665,23.19333333333333,21
38,125,-0.0015,-3.0000000000000003E-4,100,518.67,643.04,1588.23,1404.91,14.620000000000001,21.61,553.09,2388.14,9086.18,1.3,47.86,520.91,2388.15,8160.76,8.4695,0.03,393,2388,100,38.78,23.1739,0,0.2725600851188585,3.246157882790075,4.329416126915946,0,3.552713678800501E-15,0.5106123774449656,0.028635642126510787,4.482862478372345,2.220446049250313E-16,0.11049434374663733,0.26317294693794385,0.029478805945919714,4.3123399680452135,0.01702298446219105,6.938893903907228E-18,1.019803902718557,0,0,0.12335315156087455,0.037933769915472426,518.67,643.1800000000001,1589.8533333333337,1411.47,14.620000000000001,21.61,552.8966666666666,2388.14,9082.14,1.3,47.81,520.9,2388.1333333333328,8159.293333333334,8.470333333333334,0.03,393.3333333333333,2388,100,38.78,23.18936666666667,50
39,37,4.0E-4,3.0000000000000003E-4,100,518.67,642.09,1581.58,1402.17,14.620000000000001,21.61,554.03,2388.02,9061.91,1.3,47.2,521.94,2388.0,8147.31,8.3904,0.03,393,2388,100,38.82,23.3721,0,0.3104126286090727,3.9684557449970774,2.816742089719959,0,3.552713678800501E-15,0.18290981384278912,0.022715633383216468,4.5759256986973815,2.220446049250313E-16,0.07922120928135319,0.29135716912407317,0.03318132004621319,2.781930984046898,0.02216877308287474,6.938893903907228E-18,0.806225774829855,0,0,0.0976933979345583,0.05436338841536703,518.67,641.9933333333333,1582.1433333333334,1400.49,14.620000000000001,21.61,554.1366666666668,2388.013333333334,9061.143333333332,1.3,47.21333333333334,521.98,2387.9966666666664,8145.81,8.390233333333333,0.03,392.3333333333333,2388,100,38.906666666666666,23.372700000000002,142
40,133,-0.0036000000000000003,-5.0E-4,100,518.67,643.2,1603.15,1420.48,14.620000000000001,21.61,552.57,2388.17,9066.45,1.3,47.84,520.41,2388.17,8143.070000000001,8.47,0.03,396,2388,100,38.58,23.090600000000002,0,0.22032022149590297,4.733160571964629,3.090531345901561,0,3.552713678800501E-15,0.6124867345502393,0.029597297173925882,4.2355736329335185,2.220446049250313E-16,0.06870225614927014,0.1872137815439899,0.036551333765005675,3.960691353791728,0.01024296831977918,6.938893903907228E-18,1.095445115010332,0,0,0.0744580418759445,0.07001011426929693,518.67,643.23,1598.5133333333333,1420.6466666666668,14.620000000000001,21.61,552.6466666666666,2388.163333333334,9068.563333333334,1.3,47.81,520.4466666666667,2388.1800000000003,8144.423333333333,8.470666666666666,0.03,395.3333333333333,2388,100,38.57333333333333,23.134900000000002,28
41,123,-0.0018000000000000002,1.0E-4,100,518.67,642.54,1594.24,1416.76,14.620000000000001,21.61,553.02,2388.19,9036.880000000001,1.3,47.64,520.61,2388.2000000000003,8115.820000000001,8.4533,0.03,395,2388,100,38.84,23.1718,0,0.2666908322383866,3.068489693644102,3.902904559427489,0,3.552713678800501E-15,0.4758613243372486,0.019493588689553545,3.8236789875725123,2.220446049250313E-16,0.09767292357659844,0.2945589923937169,0.016881943016138982,1.8195109232977604,0.021587795163008378,6.938893903907228E-18,1.044030650891055,0,0,0.1123209686567923,0.0616264423766293,518.67,642.73,1595.236666666667,1417.3333333333333,14.620000000000001,21.61,552.9866666666667,2388.193333333333,9036.903333333334,1.3,47.70666666666667,520.7166666666666,2388.2000000000003,8115.900000000001,8.450000000000001,0.03,395.0,2388,100,38.78333333333333,23.176599999999997,18
42,156,-4.0E-4,0.0,100,518.67,643.3100000000001,1599.55,1425.1200000000001,14.620000000000001,21.61,550.94,2388.27,9026.89,1.3,47.89,520.54,2388.27,8118.45,8.4792,0.03,395,2388,100,38.51,23.094,0,0.35204545161102196,2.5687625425484275,4.815583453746758,0,3.552713678800501E-15,0.45476257541709086,0.039038442591932315,4.263660516504757,2.220446049250313E-16,0.10313098467483028,0.46933996207439954,0.030919249667552506,3.3962751655306294,0.012269396888192972,6.938893903907228E-18,0.8306623862918073,0,0,0.08146164741766483,0.0450601331555954,518.67,643.2600000000001,1598.1466666666665,1424.8933333333334,14.620000000000001,21.61,551.6166666666667,2388.266666666667,9032.403333333334,1.3,47.919999999999995,520.4366666666666,2388.263333333334,8116.246666666666,8.480666666666666,0.03,394.6666666666667,2388,100,38.516666666666666,23.117333333333338,10
43,172,-0.003,3.0000000000000003E-4,100,518.67,642.77,1594.19,1418.4,14.620000000000001,21.61,552.25,2388.13,9052.93,1.3,47.6,520.86,2388.16,8135.46,8.4456,0.03,394,2388,100,38.63,23.2379,0,0.32116818024207316,1.8225556232938416,4.421963817129226,0,3.552713678800501E-15,0.4530827738945845,0.02291287847477325,3.47463724725328,2.220446049250313E-16,0.10621205204683788,0.23311799587332938,0.030724582991473133,2.2201038264009396,0.016836460435613914,6.938893903907228E-18,0.8944271909999159,0,0,0.10511422358558224,0.05631314588974701,518.67,642.7966666666666,1593.3700000000001,1415.88,14.620000000000001,21.61,552.59,2388.1200000000003,9054.630000000001,1.3,47.62333333333334,521.1033333333335,2388.1466666666665,8135.45,8.444700000000001,0.03,394.0,2388,100,38.69333333333334,23.26353333333333,59
44,54,1.0E-4,2.0E-4,100,518.67,642.49,1582.3,1415.29,14.620000000000001,21.61,552.97,2388.13,9057.77,1.3,47.52,521.73,2388.1,8131.4400000000005,8.4391,0.03,392,2388,100,38.85,23.3058,0,0.19915069670980434,3.711868666857739,4.173083871670936,0,3.552713678800501E-15,0.47133958034520707,0.03059411708158537,4.640184910108644,2.220446049250313E-16,0.08876936408468823,0.28852036323281477,0.019390719429591394,2.3538141387970124,0.027660737517282367,6.938893903907228E-18,1.1357816691600549,0,0,0.07340980860893087,0.03959066682944353,518.67,642.5300000000001,1584.29,1411.05,14.620000000000001,21.61,553.4200000000001,2388.116666666667,9058.83,1.3,47.50333333333333,521.7966666666666,2388.0933333333337,8133.986666666667,8.4327,0.03,392.3333333333333,2388,100,38.83000000000001,23.3203,109
45,152,0.0044,2.0E-4,100,518.67,642.75,1598.5900000000001,1410.33,14.620000000000001,21.61,553.2,2388.15,9067.31,1.3,47.57,520.76,2388.15,8140.56,8.4695,0.03,394,2388,100,38.58,23.312,0,0.17753872816937646,3.3724679390618384,2.8622326949428993,0,3.552713678800501E-15,0.4829792956224812,0.03436568055479564,3.8570881504055894,2.220446049250313E-16,0.13505554412907314,0.3653012455494665,0.03132091952665307,2.784871451252314,0.018140441008972028,6.938893903907228E-18,0.7810249675906654,0,0,0.12247448713915897,0.04550707197788134,518.67,642.79,1597.0100000000002,1410.986666666667,14.620000000000001,21.61,553.1166666666667,2388.126666666667,9064.366666666669,1.3,47.55333333333334,520.8233333333334,2388.1533333333336,8141.253333333334,8.463833333333334,0.03,394.0,2388,100,38.57333333333333,23.288400000000003,114
46,146,-5.0E-4,-3.0000000000000003E-4,100,518.67,642.79,1594.28,1413.17,14.620000000000001,21.61,552.73,2388.12,9080.61,1.3,47.74,520.97,2388.11,8153.860000000001,8.4628,0.03,393,2388,100,38.61,23.1876,0,0.3294373992126677,2.7406904239625436,3.2803476949860078,0,3.552713678800501E-15,0.3799592083369187,0.02808914381030783,3.373949614324335,2.220446049250313E-16,0.06887670143089097,0.2641287564806191,0.02451530134417994,2.6130288938318884,0.017417967734497622,6.938893903907228E-18,0.5385164807134505,0,0,0.0990403957988862,0.03285504679649693,518.67,643.04,1595.21,1413.1466666666665,14.620000000000001,21.61,552.7566666666667,2388.12,9082.273333333334,1.3,47.72666666666667,521.0766666666667,2388.1,8155.156666666666,8.457933333333331,0.03,393.6666666666667,2388,100,38.60666666666666,23.224033333333338,47
47,73,0.0019,-3.0000000000000003E-4,100,518.67,642.73,1587.0900000000001,1402.79,14.620000000000001,21.61,553.0500000000001,2388.16,9038.32,1.3,47.44,521.29,2388.14,8125.570000000001,8.4586,0.03,392,2388,100,38.79,23.259500000000003,0,0.2622975409720851,3.7493994185736015,4.5394162620319705,0,3.552713678800501E-15,0.3515622277776609,0.018138357147219362,3.8529626263436434,2.220446049250313E-16,0.1375536259064079,0.45307946322913395,0.040987803063812216,3.7398481252586344,0.017571001678902493,6.938893903907228E-18,0.9797958971132712,0,0,0.07152621896899068,0.06114315660807859,518.67,642.86,1587.8700000000001,1407.7166666666665,14.620000000000001,21.61,553.2966666666666,2388.163333333334,9037.87,1.3,47.43666666666667,521.1166666666667,2388.163333333334,8125.896666666667,8.4537,0.03,392.3333333333333,2388,100,38.79333333333333,23.259666666666664,135
48,78,0.0022,-3.0000000000000003E-4,100,518.67,642.77,1591.3400000000001,1402.73,14.620000000000001,21.61,553.83,2388.1,9054.14,1.3,47.7,522.03,2388.15,8137.24,8.451500000000001,0.03,393,2388,100,38.800000000000004,23.323800000000002,0,0.2964540436559936,2.7760851932172295,3.5981107542709188,0,3.552713678800501E-15,0.26700000000000873,0.015132745950343186,3.6966952809233873,2.220446049250313E-16,0.10256705123966625,0.30832612604190157,0.03163858403910194,2.1724124838527423,0.010565055607993572,6.938893903907228E-18,0.7483314773547882,0,0,0.07803204469959818,0.0562218151610206,518.67,642.6833333333333,1591.1433333333334,1403.8100000000002,14.620000000000001,21.61,553.9033333333333,2388.09,9056.256666666666,1.3,47.63666666666666,521.8233333333333,2388.13,8137.203333333334,8.438333333333334,0.03,393.3333333333333,2388,100,38.81666666666666,23.31006666666667,92
49,303,-0.0055000000000000005,1.0E-4,100,518.67,643.21,1607.55,1425.3,14.620000000000001,21.61,552.0,2388.21,9052.48,1.3,48.01,520.27,2388.2200000000003,8132.46,8.5168,0.03,396,2388,100,38.56,23.1167,0,0.2696367927416453,5.1245800803578065,3.8518956372155344,0,3.552713678800501E-15,0.3691896531594653,0.03144837038699911,4.3583460165525105,2.220446049250313E-16,0.0622976725086893,0.2479032069175415,0.02675817632053916,3.618220695314218,0.020590388534459162,6.938893903907228E-18,0.9,0,0,0.11342398335449165,0.06103667422132281,518.67,643.1700000000001,1602.1000000000001,1424.7566666666664,14.620000000000001,21.61,552.0066666666667,2388.223333333334,9051.33,1.3,47.95333333333334,520.4233333333333,2388.2200000000003,8131.063333333333,8.505733333333335,0.03,396.0,2388,100,38.57666666666667,23.123833333333337,21
50,74,0.0,4.0E-4,100,518.67,642.66,1582.5900000000001,1397.65,14.620000000000001,21.61,553.1800000000001,2388.05,9066.84,1.3,47.5,521.91,2388.06,8142.070000000001,8.4719,0.03,393,2388,100,38.980000000000004,23.291,0,0.13373481222179784,4.2949644934504585,4.2857607259388715,0,3.552713678800501E-15,0.3030000000000183,0.014832396974177837,3.7550607185505536,2.220446049250313E-16,0.13468481725866557,0.28385911998736885,0.020999999999997146,2.7950186045891723,0.020103206211945397,6.938893903907228E-18,0.8,0,0,0.06462197768561381,0.06044623147889369,518.67,642.5866666666667,1582.8166666666666,1401.0833333333333,14.620000000000001,21.61,553.7633333333333,2388.0466666666666,9066.943333333336,1.3,47.50333333333333,521.9566666666666,2388.0533333333333,8142.9733333333315,8.453899999999999,0.03,392.6666666666667,2388,100,38.95,23.270333333333337,79
51,144,3.0000000000000003E-4,4.0E-4,100,518.67,642.5600000000001,1585.08,1406.6000000000001,14.620000000000001,21.61,553.58,2388.1,9053.37,1.3,47.5,521.25,2388.12,8127.610000000001,8.4577,0.03,394,2388,100,38.77,23.3108,0,0.24874886934416157,4.783326875721562,3.4483555501136833,0,3.552713678800501E-15,0.2710442768257639,0.028653097563771476,6.77611400435401,2.220446049250313E-16,0.0770778826901727,0.21690781452035376,0.021540659228564872,2.723266421046714,0.02190837511090251,6.938893903907228E-18,0.6708203932499369,0,0,0.13075167302944893,0.05785864239679339,518.67,642.6333333333333,1587.49,1404.9533333333331,14.620000000000001,21.61,553.5600000000002,2388.1066666666666,9053.616666666669,1.3,47.480000000000004,521.1466666666666,2388.1133333333332,8130.133333333334,8.459000000000001,0.03,393.0,2388,100,38.730000000000004,23.30916666666667,114
52,189,0.0028,-2.0E-4,100,518.67,643.15,1600.96,1412.05,14.620000000000001,21.61,553.19,2388.11,9122.6,1.3,47.550000000000004,521.27,2388.07,8192.02,8.464500000000001,0.03,395,2388,100,38.660000000000004,23.211000000000002,0,0.3371646482061953,5.27837181335309,2.2506701224302392,0,3.552713678800501E-15,0.2257454318474533,0.030999999999938802,6.614705511207737,2.220446049250313E-16,0.10002499687578113,0.2499919998719875,0.023151673805527972,7.172200220294964,0.020470830466788586,6.938893903907228E-18,0.8306623862918073,0,0,0.1132431013351374,0.055039480375454586,518.67,642.8533333333335,1595.7133333333331,1411.71,14.620000000000001,21.61,553.2933333333334,2388.11,9114.846666666666,1.3,47.53333333333333,521.19,2388.0733333333337,8191.8933333333325,8.453133333333332,0.03,394.6666666666667,2388,100,38.71,23.22276666666667,29
53,164,-0.0021000000000000003,-4.0E-4,100,518.67,642.87,1602.76,1418.18,14.620000000000001,21.61,553.09,2388.08,9102.33,1.3,47.75,520.98,2388.05,8180.97,8.4702,0.03,394,2388,100,38.64,23.1671,0,0.27419153889208053,4.40911340294169,4.795802435463718,0,3.552713678800501E-15,0.454005506574548,0.02418677324485955,5.210122935210073,2.220446049250313E-16,0.11208925015361695,0.3625796464226655,0.033226495451663986,2.706425871883581,0.0262030322672775,6.938893903907228E-18,1.1661903789690602,0,0,0.07189575787207565,0.047116128873242444,518.67,642.8633333333333,1595.03,1414.8100000000002,14.620000000000001,21.61,552.9033333333333,2388.0833333333335,9105.17,1.3,47.77,521.1066666666666,2388.0633333333335,8180.673333333333,8.4712,0.03,394.0,2388,100,38.64666666666667,23.188699999999997,26
54,121,-0.0019,0.0,100,518.67,642.4300000000001,1580.89,1399.84,14.620000000000001,21.61,555.07,2388.05,9064.43,1.3,47.34,522.28,2387.9700000000003,8143.64,8.3926,0.03,392,2388,100,38.95,23.4385,0,0.25425184365110587,4.90449793556894,3.0973474135136905,0,0.003999999999999205,0.3924550929724321,0.03144837038707719,3.0061651651229284,2.220446049250313E-16,0.07993122043357133,0.19103926298013746,0.0245153013443506,2.67188622512265,0.015124354531681697,6.938893903907228E-18,1.044030650891055,0,0,0.09455157322858189,0.04492157610770112,518.67,642.4599999999999,1580.96,1401.2633333333333,14.620000000000001,21.61,554.5133333333333,2388.036666666667,9064.04,1.3,47.31333333333333,522.2833333333333,2387.976666666667,8144.5166666666655,8.409566666666665,0.03,392.3333333333333,2388,100,38.97666666666667,23.445166666666665,97
55,113,-0.0059,2.0E-4,100,518.67,642.2,1585.68,1399.63,14.620000000000001,21.61,553.37,2388.09,9056.16,1.3,47.5,521.92,2388.04,8135.62,8.4276,0.03,393,2388,100,38.93,23.3438,0,0.2801428207182755,3.4482733360335525,4.369039825865606,0,3.552713678800501E-15,0.24819548746905817,0.024103941586308436,4.662439382984085,2.220446049250313E-16,0.10872442227944959,0.36840738320506017,0.0207123151772583,3.2603068873958665,0.017405312407423386,6.938893903907228E-18,0.6708203932499369,0,0,0.0875442745129569,0.07021091724226368,518.67,642.2800000000001,1584.7666666666669,1400.8733333333332,14.620000000000001,21.61,553.6733333333333,2388.0800000000004,9055.826666666666,1.3,47.48666666666667,521.8666666666667,2388.0633333333335,8138.956666666666,8.424633333333334,0.03,393.0,2388,100,38.96666666666667,23.340433333333333,137
56,136,-0.0028,-5.0E-4,100,518.67,643.32,1598.6000000000001,1416.8500000000001,14.620000000000001,21.61,551.45,2388.23,9035.550000000001,1.3,48.02,520.0,2388.23,8116.7,8.5235,0.03,395,2388,100,38.51,23.177200000000003,0,0.28583386783234116,3.905928954807039,5.23048802694356,0,3.552713678800501E-15,0.23452931586475745,0.031874754901126436,4.54923960679161,2.220446049250313E-16,0.08870738413458097,0.2570291812226921,0.03645545226718238,2.8048852026419073,0.01636334012358118,6.938893903907228E-18,0.7000000000000001,0,0,0.09529428104561237,0.07937484236204789,518.67,643.1866666666666,1597.6033333333332,1420.8633333333337,14.620000000000001,21.61,551.9033333333333,2388.25,9040.753333333334,1.3,47.99666666666667,519.9833333333332,2388.233333333333,8116.866666666666,8.515433333333334,0.03,395.0,2388,100,38.50666666666667,23.11773333333333,15
57,160,0.0035,-1.0E-4,100,518.67,642.17,1590.38,1411.95,14.620000000000001,21.61,552.4300000000001,2388.11,9043.800000000001,1.3,47.59,521.61,2388.19,8131.76,8.4603,0.03,394,2388,100,38.77,23.291,0,0.257722719215835,3.001856259050367,3.6518309106529063,0,3.552713678800501E-15,0.4570382916124378,0.028089143810348306,4.528039752475918,2.220446049250313E-16,0.08720091742636654,0.41110704202190146,0.032572994949810634,2.1702877689375333,0.03411430198611713,6.938893903907228E-18,0.8306623862918073,0,0,0.07896834808959878,0.06246688802877914,518.67,642.4066666666666,1589.946666666667,1411.16,14.620000000000001,21.61,552.8366666666667,2388.1133333333332,9044.833333333334,1.3,47.626666666666665,521.4300000000001,2388.16,8131.4733333333315,8.464066666666668,0.03,394.3333333333333,2388,100,38.78,23.254566666666665,103
58,176,0.0,5.0E-4,100,518.67,643.01,1596.72,1418.42,14.620000000000001,21.61,553.07,2388.2400000000002,9058.12,1.3,47.78,521.2,2388.2000000000003,8128.820000000001,8.497,0.03,392,2388,100,38.46,23.1747,0,0.27137428028463556,4.141524477773864,3.5212321707039016,0,3.552713678800501E-15,0.4446133151402405,0.0434050688283547,3.7838652195868536,2.220446049250313E-16,0.0636867333123629,0.20661316511782418,0.02323790007714509,3.6448753065090482,0.02650400913069582,6.938893903907228E-18,1.02469507659596,0,0,0.12081390648431117,0.05628890210334538,518.67,642.96,1594.3700000000001,1418.6233333333332,14.620000000000001,21.61,553.0733333333334,2388.2066666666665,9055.85,1.3,47.81666666666666,521.1233333333333,2388.19,8130.086666666667,8.4899,0.03,393.0,2388,100,38.61666666666667,23.1823,37
59,94,-7.0E-4,-4.0E-4,100,518.67,642.1800000000001,1584.24,1401.21,14.620000000000001,21.61,553.72,2388.0,9055.0,1.3,47.08,521.78,2388.05,8140.39,8.4267,0.03,390,2388,100,38.92,23.4337,0,0.2823047998174899,4.976893509007383,4.183346148718759,0,3.552713678800501E-15,0.31972488173429403,0.027946377224964045,3.2637231806632285,2.220446049250313E-16,0.11335342959081701,0.3886142045782744,0.010049875621136637,2.0863003139529286,0.016494074693658982,6.938893903907228E-18,0.9797958971132712,0,0,0.06630233781700405,0.07426630528038948,518.67,642.2066666666666,1584.05,1400.3566666666666,14.620000000000001,21.61,553.8133333333334,2388.0133333333333,9054.92,1.3,47.15333333333333,521.8366666666666,2388.056666666667,8141.606666666667,8.4282,0.03,391.3333333333333,2388,100,38.92333333333334,23.449766666666665,114
60,147,-3.0000000000000003E-4,-3.0000000000000003E-4,100,518.67,642.86,1592.46,1402.77,14.620000000000001,21.61,553.3100000000001,2388.12,9054.22,1.3,47.53,521.66,2388.07,8136.13,8.448400000000001,0.03,394,2388,100,38.87,23.2971,0,0.29633764526294837,3.2903405598813387,4.4973735668721,0,3.552713678800501E-15,0.4422035730294494,0.022449944320607026,3.3400672148926622,2.220446049250313E-16,0.07334848328356912,0.2873743203558659,0.03001666203956558,4.1007107920457315,0.018284474288313538,6.938893903907228E-18,1.0049875621120892,0,0,0.052573757712378634,0.05021502165687029,518.67,642.7466666666667,1592.5466666666669,1406.5166666666669,14.620000000000001,21.61,553.0366666666665,2388.1233333333334,9053.096666666666,1.3,47.52666666666667,521.4399999999999,2388.0833333333335,8138.503333333333,8.4338,0.03,394.0,2388,100,38.85666666666666,23.3028,100
61,159,0.0032,2.0E-4,100,518.67,643.29,1603.16,1414.17,14.620000000000001,21.61,552.74,2388.16,9065.79,1.3,47.81,520.97,2388.17,8147.51,8.4725,0.03,395,2388,100,38.64,23.131400000000003,0,0.28389434654462953,3.85000779219992,4.386110463725224,0,3.552713678800501E-15,0.36739080010256225,0.028999999999985385,2.861383581416474,2.220446049250313E-16,0.06132699242584685,0.37103234360363696,0.03661966684721686,1.990509733711478,0.011709829204561605,6.938893903907228E-18,1.1,0,0,0.08734414691322996,0.05472597555092138,518.67,643.1933333333333,1600.0166666666664,1416.17,14.620000000000001,21.61,552.6533333333333,2388.17,9066.103333333334,1.3,47.800000000000004,521.0066666666667,2388.17,8146.4733333333315,8.477133333333336,0.03,394.6666666666667,2388,100,38.660000000000004,23.18536666666667,21
62,232,-0.0029000000000000002,-5.0E-4,100,518.67,642.83,1594.78,1407.8600000000001,14.620000000000001,21.61,553.8100000000001,2388.03,9096.2,1.3,47.52,521.2,2388.06,8162.08,8.462200000000001,0.03,394,2388,100,38.75,23.271900000000002,0,0.36061059329976103,3.9026407726051224,2.8818910458239233,0,3.552713678800501E-15,0.2756519544643133,0.041581245772526636,4.020044278363281,2.220446049250313E-16,0.08729833904490963,0.27915766154629496,0.021656407827659672,4.317416357035903,0.015921859187921217,6.938893903907228E-18,1.1135528725660044,0,0,0.0642572953056694,0.08105657530391992,518.67,642.82,1595.5199999999998,1409.4333333333334,14.620000000000001,21.61,553.7333333333332,2388.03,9095.253333333334,1.3,47.52,521.2366666666667,2388.06,8164.09,8.458266666666667,0.03,393.6666666666667,2388,100,38.77333333333333,23.26493333333333,54
63,155,-0.0019,-3.0000000000000003E-4,100,518.67,643.26,1592.19,1412.74,14.620000000000001,21.61,552.8000000000001,2388.19,9052.57,1.3,47.79,521.17,2388.17,8131.3,8.4704,0.03,393,2388,100,38.800000000000004,23.2344,0,0.3539717502852417,3.7870827823009052,3.257785904567738,0,3.552713678800501E-15,0.4308607663735472,0.027221315177623513,4.152298279266544,2.220446049250313E-16,0.07756287771866031,0.2510458125522092,0.016999999999956453,3.322136210332064,0.030671388948008006,6.938893903907228E-18,0.7810249675906654,0,0,0.08911228871485578,0.04206729014329282,518.67,643.0100000000001,1592.0533333333333,1411.706666666667,14.620000000000001,21.61,552.6700000000001,2388.17,9053.223333333332,1.3,47.74333333333333,521.07,2388.1733333333336,8131.126666666667,8.4685,0.03,393.3333333333333,2388,100,38.74666666666666,23.238433333333333,72
64,168,0.0012000000000000001,4.0E-4,100,518.67,643.01,1597.94,1417.14,14.620000000000001,21.61,552.0500000000001,2388.2200000000003,9056.25,1.3,47.730000000000004,520.97,2388.13,8133.0,8.4665,0.03,394,2388,100,38.61,23.167,0,0.2431645533378613,4.102345670467074,3.031591826087398,0,3.552713678800501E-15,0.3881700658216648,0.03014962686331037,2.923313359870986,2.220446049250313E-16,0.09889893831583785,0.3774122414548816,0.032924155266267664,2.8923824090186847,0.022335498651250136,6.938893903907228E-18,0.5385164807134505,0,0,0.0677938050267124,0.06524171671561081,518.67,643.0600000000001,1597.7866666666666,1416.3600000000001,14.620000000000001,21.61,552.1933333333333,2388.21,9056.313333333334,1.3,47.74333333333333,520.8266666666667,2388.1533333333327,8134.150000000001,8.470966666666667,0.03,394.0,2388,100,38.61,23.1814,28
65,71,0.0012000000000000001,0.0,100,518.67,641.75,1588.1000000000001,1398.17,14.620000000000001,21.6,554.39,2388.03,9063.17,1.3,47.1,522.65,2388.03,8153.06,8.424000000000001,0.03,392,2388,100,39.19,23.327,0,0.28939419482774625,4.4175876901313185,3.8982330612727663,0,0.003999999999999205,0.27557213211788967,0.032878564445598196,3.13223881592696,2.220446049250313E-16,0.10141005867269728,0.28866070047722053,0.04759201613714617,3.7376651802964913,0.023177767364437798,6.938893903907228E-18,0.916515138991168,0,0,0.12565428763078437,0.05875137785618294,518.67,641.8833333333333,1587.4633333333331,1398.6733333333334,14.620000000000001,21.606666666666666,554.3866666666668,2388.016666666667,9063.406666666668,1.3,47.09,522.4233333333333,2388.0266666666666,8153.336666666666,8.4354,0.03,392.0,2388,100,39.07666666666666,23.341633333333338,128
66,147,-0.0014,-3.0000000000000003E-4,100,518.67,643.34,1599.38,1422.98,14.620000000000001,21.61,552.0600000000001,2388.09,9122.300000000001,1.3,47.92,520.75,2388.11,8197.69,8.4838,0.03,396,2388,100,38.61,23.0669,0,0.21234170574805195,4.064435508161027,3.6327522624037933,0,3.552713678800501E-15,0.37464783463939844,0.037094473981941725,6.833401495594815,2.220446049250313E-16,0.11196428001822849,0.30919896506940786,0.027221315177583423,5.532575259316577,0.02480322559668384,6.938893903907228E-18,0.9797958971132712,0,0,0.07483314773547886,0.06823959554393641,518.67,643.3433333333332,1598.38,1423.5766666666666,14.620000000000001,21.61,552.2366666666666,2388.0866666666666,9120.343333333332,1.3,47.86000000000001,520.72,2388.1133333333332,8194.660000000002,8.488666666666667,0.03,395.6666666666667,2388,100,38.60333333333333,23.12643333333334,14
67,71,0.0012000000000000001,1.0E-4,100,518.67,642.39,1593.8600000000001,1409.97,14.620000000000001,21.61,554.52,2388.12,9046.26,1.3,47.27,521.75,2388.11,8141.9800000000005,8.3732,0.03,392,2388,100,38.78,23.2914,0,0.18293168123647668,3.882066460018397,3.6321102681499133,0,3.552713678800501E-15,0.3102079947390101,0.039038442591825144,3.94323737555814,2.220446049250313E-16,0.09329523031752418,0.40376354466444314,0.033541019662523965,4.951602164956124,0.02451203785897833,6.938893903907228E-18,1.32664991614216,0,0,0.09828529900244473,0.03487124316682781,518.67,642.4233333333333,1590.22,1406.1899999999998,14.620000000000001,21.61,554.3133333333334,2388.0866666666666,9054.253333333332,1.3,47.21333333333334,521.8000000000001,2388.0833333333335,8140.246666666666,8.384533333333335,0.03,392.0,2388,100,38.83,23.307233333333333,77
68,187,-0.0015,-4.0E-4,100,518.67,643.21,1602.07,1427.25,14.620000000000001,21.61,552.0,2388.2000000000003,9086.59,1.3,48.04,520.47,2388.2200000000003,8160.320000000001,8.4867,0.03,396,2388,100,38.63,23.198900000000002,0,0.32076315249727916,4.0661826078030545,3.61273705104593,0,3.552713678800501E-15,0.4290466175137525,0.03383784863141704,3.7543560033647445,2.220446049250313E-16,0.09571311299921184,0.2048438429633687,0.025709920264331772,3.3543607438674528,0.02080274260764681,6.938893903907228E-18,0.7483314773547882,0,0,0.10670051546267137,0.06492129388729072,518.67,643.39,1602.3533333333337,1424.6666666666667,14.620000000000001,21.61,551.96,2388.2066666666665,9086.163333333332,1.3,48.06,520.2766666666666,2388.2166666666667,8159.829999999999,8.4871,0.03,395.6666666666667,2388,100,38.629999999999995,23.205133333333333,8
69,54,-0.0029000000000000002,-3.0000000000000003E-4,100,518.67,642.3100000000001,1593.68,1403.96,14.620000000000001,21.61,553.66,2388.12,9048.62,1.3,47.37,521.84,2388.16,8128.39,8.4387,0.03,393,2388,100,38.95,23.195800000000002,0,0.3251169020521628,5.137153005313387,2.971178385758772,0,3.552713678800501E-15,0.36682966074187107,0.025298221281342,2.6069923283356515,2.220446049250313E-16,0.10169070754007127,0.2742280073224039,0.028999999999993226,3.7686156609555894,0.013176422124385733,6.938893903907228E-18,0.7999999999999999,0,0,0.118342722632192,0.05897269622460878,518.67,642.2599999999999,1592.2433333333336,1404.1000000000001,14.620000000000001,21.61,553.66,2388.12,9047.32,1.3,47.39666666666667,521.8100000000001,2388.1333333333328,8130.553333333333,8.438833333333333,0.03,392.3333333333333,2388,100,38.98333333333333,23.235133333333337,121
70,152,0.002,-1.0E-4,100,518.67,642.71,1588.56,1406.49,14.620000000000001,21.61,553.01,2388.1,9054.84,1.3,47.67,521.65,2388.11,8133.88,8.4349,0.03,394,2388,100,38.85,23.223100000000002,0,0.3462888967321827,2.1876245107422347,2.444024549794859,0,3.552713678800501E-15,0.24109956449567818,0.03340658617700147,4.915516249591807,2.220446049250313E-16,0.10346496991735955,0.4473712105176318,0.027730849247694776,3.662324535045919,0.0173848928670842,6.938893903907228E-18,0.7745966692414834,0,0,0.06378871373526812,0.045714860822275334,518.67,642.8166666666666,1588.9033333333334,1406.5733333333337,14.620000000000001,21.61,553.2066666666666,2388.1066666666666,9055.466666666664,1.3,47.62333333333334,521.7666666666668,2388.1133333333332,8134.866666666666,8.440599999999998,0.03,393.3333333333333,2388,100,38.85666666666667,23.242633333333337,94
71,68,0.0021000000000000003,3.0000000000000003E-4,100,518.67,642.52,1585.45,1400.97,14.620000000000001,21.61,553.17,2388.01,9068.53,1.3,47.35,522.42,2388.08,8146.1900000000005,8.438600000000001,0.03,391,2388,100,38.93,23.3188,0,0.2005517389603099,5.287154622289734,4.0761453605091145,0,0.0029999999999994033,0.5376578837885716,0.026832815729888337,5.894408876214919,2.220446049250313E-16,0.08175573374387805,0.2316376480626532,0.03207802986469927,2.5817699355285537,0.016255276066557616,6.938893903907228E-18,1.044030650891055,0,0,0.08260750571225417,0.07145978239541477,518.67,642.4966666666667,1585.476666666667,1400.3266666666666,14.620000000000001,21.61,553.5,2388.0266666666666,9068.37,1.3,47.37000000000001,522.4466666666666,2388.07,8146.43,8.423766666666667,0.03,391.3333333333333,2388,100,38.94333333333334,23.321866666666665,118
72,131,2.0E-4,-4.0E-4,100,518.67,642.9,1588.49,1410.57,14.620000000000001,21.61,553.52,2388.11,9072.03,1.3,47.69,521.47,2388.09,8149.27,8.445,0.03,394,2388,100,38.910000000000004,23.2905,0,0.29411052344312905,3.6478307252393183,4.482609619406969,0,3.552713678800501E-15,0.4766434726291876,0.028213471959312557,2.3635574881945614,2.220446049250313E-16,0.08811356308764316,0.2557909302535744,0.033481338085593684,2.5170864109125315,0.014023323429201725,6.938893903907228E-18,1.0049875621120892,0,0,0.1120937107959225,0.04968202995047613,518.67,642.9066666666666,1586.8133333333333,1412.7433333333329,14.620000000000001,21.61,553.5166666666668,2388.11,9069.856666666668,1.3,47.626666666666665,521.4833333333332,2388.09,8149.076666666667,8.443066666666668,0.03,394.0,2388,100,38.85666666666666,23.29683333333334,50
73,112,0.0056,2.0E-4,100,518.67,642.27,1576.93,1398.6200000000001,14.620000000000001,21.61,554.41,2388.08,9051.39,1.3,47.25,522.02,2388.05,8136.87,8.431700000000001,0.03,393,2388,100,38.95,23.3074,0,0.2849491182650109,5.669331971229035,4.142641669273362,0,0.0029999999999994033,0.24790320691755025,0.01685229954636977,3.7174378273215614,2.220446049250313E-16,0.08672369918309544,0.4191765737729165,0.026248809496724538,2.6966210338124283,0.01643829674875091,6.938893903907228E-18,0.9,0,0,0.09392017887546784,0.06560154647567347,518.67,642.3100000000001,1580.9633333333331,1399.4433333333334,14.620000000000001,21.61,554.2533333333332,2388.063333333333,9056.12,1.3,47.27,522.0866666666667,2388.0633333333335,8137.343333333333,8.430266666666666,0.03,393.3333333333333,2388,100,38.916666666666664,23.2941,131
74,137,0.0017000000000000001,-4.0E-4,100,518.67,642.61,1595.16,1406.15,14.620000000000001,21.61,552.44,2388.1,9063.35,1.3,47.54,521.39,2388.07,8139.59,8.436200000000001,0.03,392,2388,100,38.79,23.201,0,0.2644787326043441,4.685577979289207,3.30804791380054,0,3.552713678800501E-15,0.5028677758615877,0.036110940170437256,4.014405186325909,2.220446049250313E-16,0.05425863986500283,0.2979748311518825,0.032388269481384374,3.7006708851234342,0.024668725139333807,6.938893903907228E-18,0.7000000000000001,0,0,0.06826419266350442,0.05589902056387065,518.67,642.6466666666666,1593.8400000000001,1407.8833333333332,14.620000000000001,21.61,553.1733333333333,2388.1000000000004,9060.046666666667,1.3,47.52333333333333,521.29,2388.0766666666664,8138.27,8.443566666666667,0.03,392.3333333333333,2388,100,38.806666666666665,23.229833333333335,126
75,88,0.0036000000000000003,1.0E-4,100,518.67,642.13,1594.47,1403.3,14.620000000000001,21.61,554.11,2388.12,9051.28,1.3,47.4,521.52,2388.1,8132.14,8.4316,0.03,392,2388,100,38.980000000000004,23.4919,0,0.28255264996103013,3.2035107304331065,4.780194661308258,0,3.552713678800501E-15,0.434768904131829,0.02939387691331262,4.2277275219672905,2.220446049250313E-16,0.12499599993599819,0.3370771425059862,0.025768197453405643,2.8551469314204656,0.01735720023506088,6.938893903907228E-18,0.9219544457292888,0,0,0.07874642849043928,0.06575531993686924,518.67,642.2033333333334,1589.7766666666666,1405.64,14.620000000000001,21.61,553.8566666666667,2388.0966666666664,9052.64,1.3,47.43333333333334,521.6133333333333,2388.0833333333335,8135.916666666667,8.426766666666667,0.03,392.0,2388,100,38.92333333333333,23.40063333333334,113
76,205,4.0E-4,2.0E-4,100,518.67,643.14,1603.48,1420.07,14.620000000000001,21.61,551.82,2388.18,9114.99,1.3,48.04,520.19,2388.14,8182.45,8.512500000000001,0.03,395,2388,100,38.46,23.073700000000002,0,0.36535462225075604,2.4348223754516733,4.011281715362338,0,3.552713678800501E-15,0.24004999479274358,0.02147091055357389,4.2373406754710725,2.220446049250313E-16,0.11614215427655884,0.3280015243867062,0.023748684174050405,4.788361828433616,0.017615572656033543,6.938893903907228E-18,0.6324555320336759,0,0,0.12149485585818025,0.051763574065166684,518.67,643.1800000000001,1602.3533333333332,1421.6433333333334,14.620000000000001,21.61,551.9066666666669,2388.163333333334,9110.683333333334,1.3,48.06,520.1733333333334,2388.14,8182.66,8.512833333333333,0.03,395.6666666666667,2388,100,38.47,23.079666666666668,10
77,162,-0.0027,3.0000000000000003E-4,100,518.67,642.79,1593.81,1418.6200000000001,14.620000000000001,21.61,552.24,2388.25,9045.43,1.3,47.81,520.16,2388.21,8128.16,8.4543,0.03,396,2388,100,38.75,23.171200000000002,0,0.27713534599542017,3.5234955654861073,3.408030076158352,0,3.552713678800501E-15,0.49331126076748283,0.031048349392459592,4.813451983763591,2.220446049250313E-16,0.09542012366372164,0.2939795911283747,0.030066592756639827,2.2109864314373784,0.017920159039472725,6.938893903907228E-18,1.0440306508910548,0,0,0.06774215821775985,0.06478348863715158,518.67,642.8266666666667,1592.8766666666668,1417.5999999999997,14.620000000000001,21.61,552.1466666666666,2388.213333333333,9045.523333333333,1.3,47.82,520.42,2388.21,8127.9733333333315,8.4564,0.03,395.3333333333333,2388,100,38.74,23.205466666666666,34
78,72,-0.0034000000000000002,3.0000000000000003E-4,100,518.67,641.78,1580.66,1389.33,14.620000000000001,21.61,554.9300000000001,2387.9900000000002,9062.94,1.3,47.2,522.51,2387.96,8148.46,8.3793,0.03,391,2388,100,39.0,23.274800000000003,0,0.23113632341111698,4.3486605983911595,4.246886506606923,0,0.0029999999999994033,0.33263343187358724,0.019078784028397834,4.639315035649077,2.220446049250313E-16,0.12507597691003738,0.2240647227923197,0.027856776554473498,2.998559820980775,0.016700182633731672,6.938893903907228E-18,0.7483314773547882,0,0,0.08185963596303028,0.05484120713478174,518.67,641.9699999999999,1580.8466666666666,1391.4266666666665,14.620000000000001,21.61,555.0,2387.9866666666658,9061.113333333331,1.3,47.17333333333333,522.5033333333333,2387.9700000000003,8148.8133333333335,8.39046666666667,0.03,390.6666666666667,2388,100,39.03333333333333,23.380533333333332,107
79,101,-0.0031000000000000003,-1.0E-4,100,518.67,642.4300000000001,1590.94,1405.39,14.620000000000001,21.61,553.4,2388.15,9040.39,1.3,47.660000000000004,521.55,2388.14,8125.55,8.451600000000001,0.03,393,2388,100,38.72,23.287000000000003,0,0.238746727726265,3.0722994645704564,4.4599798205821495,0,3.552713678800501E-15,0.3748279605365621,0.03034798181097817,2.8477642107451824,2.220446049250313E-16,0.08087644898238243,0.21753160689886353,0.031368774282676114,3.45495643966753,0.014288400890232622,6.938893903907228E-18,0.7999999999999999,0,0,0.09984487968844423,0.05757252903946469,518.67,642.4000000000001,1590.5966666666666,1405.9033333333334,14.620000000000001,21.61,553.4900000000001,2388.1233333333334,9041.696666666669,1.3,47.52666666666667,521.4866666666667,2388.1133333333332,8125.6866666666665,8.451933333333333,0.03,393.0,2388,100,38.80333333333334,23.29486666666667,63
80,133,-0.0029000000000000002,1.0E-4,100,518.67,642.64,1591.41,1407.15,14.620000000000001,21.61,552.63,2388.11,9069.7,1.3,47.57,521.05,2388.02,8142.89,8.4671,0.03,393,2388,100,38.69,23.2813,0,0.29506101064017953,3.1752922700123225,2.118581836984315,0,3.552713678800501E-15,0.41263058539085634,0.033526109228447225,4.041215163784272,2.220446049250313E-16,0.10146920715172572,0.2970117842779915,0.02764054992215853,2.4473089302333717,0.0236302115944823,6.938893903907228E-18,0.7810249675906654,0,0,0.07509993342207455,0.04330512671728373,518.67,642.6733333333333,1590.4400000000005,1407.24,14.620000000000001,21.61,553.0,2388.11,9070.263333333334,1.3,47.60999999999999,521.08,2388.056666666667,8144.240000000001,8.450366666666667,0.03,393.0,2388,100,38.77,23.290633333333332,90
81,213,-0.0027,3.0000000000000003E-4,100,518.67,643.49,1598.3500000000001,1427.83,14.620000000000001,21.61,551.53,2388.2000000000003,9075.26,1.3,48.11,519.67,2388.2200000000003,8148.37,8.498700000000001,0.03,397,2388,100,38.46,23.1537,0,0.2019801970491149,4.059472872184271,3.4967998226949915,0,3.552713678800501E-15,0.4048765243873878,0.03753664875828849,2.7902331443803603,2.220446049250313E-16,0.0972830920561236,0.3905329691588222,0.030919249667428962,3.8373631571691775,0.020734755846163133,6.938893903907228E-18,0.806225774829855,0,0,0.10334892355511066,0.06698340167534017,518.67,643.4433333333333,1598.65,1427.9666666666665,14.620000000000001,21.61,551.3266666666667,2388.2000000000003,9075.55,1.3,48.09333333333334,519.6566666666666,2388.223333333334,8148.613333333334,8.499966666666667,0.03,396.3333333333333,2388,100,38.44,23.170299999999997,8
82,162,-0.0016,0.0,100,518.67,643.57,1597.99,1427.69,14.620000000000001,21.61,551.15,2388.2000000000003,9058.64,1.3,48.08,520.02,2388.29,8126.2,8.5028,0.03,397,2388,100,38.62,23.121100000000002,0,0.2617651619295479,3.6025907344576478,3.9495928904128985,0,3.552713678800501E-15,0.4056710490039822,0.034409301068221154,3.5901888529713184,2.220446049250313E-16,0.10697663296253039,0.4403282866226173,0.040755367744656754,2.389477976462574,0.015225780768157645,6.938893903907228E-18,1.2806248474865698,0,0,0.10665833300778697,0.04177676507342383,518.67,643.51,1598.0600000000002,1424.47,14.620000000000001,21.61,551.69,2388.1966666666667,9053.443333333336,1.3,48.08333333333334,520.0666666666667,2388.27,8125.926666666667,8.501633333333332,0.03,396.3333333333333,2388,100,38.599999999999994,23.150533333333335,9
83,73,-0.0024000000000000002,2.0E-4,100,518.67,642.8100000000001,1594.68,1406.9,14.620000000000001,21.61,553.87,2388.06,9058.7,1.3,47.2,521.67,2388.09,8141.38,8.430900000000001,0.03,392,2388,100,38.74,23.3021,0,0.25111750237687513,3.2300695038961833,3.891972379141488,0,3.552713678800501E-15,0.48421173054772243,0.02165640782771637,3.908701702611632,2.220446049250313E-16,0.08136952746575268,0.27386858162267347,0.02408318915761934,2.4809919387211923,0.013104659476689897,6.938893903907228E-18,0.6633249580710798,0,0,0.13108775686539179,0.06169243470637262,518.67,642.7166666666666,1591.1733333333334,1405.7233333333334,14.620000000000001,21.61,553.9966666666667,2388.0633333333335,9058.493333333334,1.3,47.33000000000001,521.7166666666667,2388.0833333333335,8141.39,8.4267,0.03,392.3333333333333,2388,100,38.79,23.324633333333338,137
84,172,0.0015,1.0E-4,100,518.67,643.39,1588.7,1412.73,14.620000000000001,21.61,552.47,2388.16,9050.57,1.3,47.6,520.88,2388.2200000000003,8130.610000000001,8.4791,0.03,395,2388,100,38.62,23.2039,0,0.31479517150045405,4.22329030496366,3.082398579029001,0,3.552713678800501E-15,0.39436024140373105,0.018138357147269506,2.1668825533470253,2.220446049250313E-16,0.05480875842417905,0.2292509541964832,0.04699999999990162,2.8485801726474933,0.022960261322554805,6.938893903907228E-18,0.8717797887081347,0,0,0.0858137518116997,0.03714009827666003,518.67,642.9966666666667,1590.1833333333334,1413.68,14.620000000000001,21.61,552.5500000000001,2388.163333333334,9050.130000000001,1.3,47.626666666666665,520.8133333333334,2388.2000000000003,8130.0166666666655,8.474833333333336,0.03,394.6666666666667,2388,100,38.696666666666665,23.205466666666666,58
85,34,0.0014,-5.0E-4,100,518.67,642.58,1582.94,1413.22,14.620000000000001,21.61,553.5500000000001,2388.07,9045.23,1.3,47.730000000000004,521.4300000000001,2388.09,8126.6,8.4228,0.03,393,2388,100,38.84,23.3107,0,0.24446063077722233,3.9300580148389384,4.955841502711715,0,3.552713678800501E-15,0.3108391867187961,0.02451530134422446,4.036079285643388,2.220446049250313E-16,0.10587256490706129,0.3493765876529252,0.022825424420980994,2.1642874115975177,0.015014542950086656,6.938893903907228E-18,0.9433981132056604,0,0,0.1078192932642388,0.061009990165545556,518.67,642.5600000000001,1586.1133333333337,1409.8000000000002,14.620000000000001,21.61,553.3466666666667,2388.076666666667,9047.716666666664,1.3,47.56,521.4566666666666,2388.0933333333337,8128.64,8.419133333333336,0.03,393.0,2388,100,38.88,23.27946666666667,118
86,110,-0.0012000000000000001,4.0E-4,100,518.67,643.07,1586.29,1404.83,14.620000000000001,21.61,553.65,2388.05,9074.53,1.3,47.52,521.52,2388.13,8148.14,8.450000000000001,0.03,394,2388,100,38.94,23.2484,0,0.3605121357180656,3.6012797725253245,2.4648602394456254,0,3.552713678800501E-15,0.3845204805988973,0.021817424229326622,5.521212185743307,2.220446049250313E-16,0.08136338242723316,0.2229551524409986,0.03655133376499075,2.8053251148486305,0.018040554315208724,6.938893903907228E-18,0.916515138991168,0,0,0.0910164820238624,0.04631336848038593,518.67,643.07,1586.1366666666665,1404.5966666666666,14.620000000000001,21.61,553.6666666666666,2388.056666666667,9068.833333333334,1.3,47.47666666666667,521.5666666666666,2388.126666666667,8147.066666666667,8.451166666666667,0.03,393.3333333333333,2388,100,38.93,23.282033333333338,89
87,56,-0.0019,5.0E-4,100,518.67,642.1800000000001,1584.33,1391.48,14.620000000000001,21.61,554.39,2388.04,9056.99,1.3,47.4,522.15,2388.02,8146.9400000000005,8.4313,0.03,393,2388,100,38.89,23.2605,0,0.4134924424944122,4.502756933257675,3.1951057885459555,0,0.0029999999999994033,0.39330013984233625,0.025612496949754267,3.7202931336117673,2.220446049250313E-16,0.0893084542470645,0.33063726347766625,0.022825424421020837,3.3615087386468567,0.021710882064071235,6.938893903907228E-18,0.6000000000000001,0,0,0.06499230723708697,0.06322071258693676,518.67,642.02,1586.946666666667,1395.3466666666666,14.620000000000001,21.61,554.3333333333334,2388.0433333333335,9057.82,1.3,47.35666666666666,522.0866666666667,2388.023333333333,8145.213333333333,8.436300000000001,0.03,392.6666666666667,2388,100,38.94333333333334,23.342866666666666,116
88,68,0.0021000000000000003,5.0E-4,100,518.67,642.91,1593.67,1405.22,14.620000000000001,21.61,553.6800000000001,2388.14,9046.75,1.3,47.39,521.69,2388.18,8127.79,8.4101,0.03,394,2388,100,38.800000000000004,23.418100000000003,0,0.305386640179285,4.589457920059888,3.368260084969667,0,3.552713678800501E-15,0.38957540990157924,0.021447610589507712,4.00960908319005,2.220446049250313E-16,0.09736529155710401,0.3037103883636751,0.026172504656594032,3.7169740381121943,0.016958077721251366,6.938893903907228E-18,0.8306623862918073,0,0,0.09423905772024661,0.087707721438879,518.67,642.9000000000001,1591.6666666666667,1406.79,14.620000000000001,21.61,553.5099999999999,2388.143333333334,9044.62,1.3,47.51333333333334,521.5100000000001,2388.1533333333327,8126.209999999999,8.436933333333334,0.03,393.6666666666667,2388,100,38.82,23.366133333333337,115
89,177,0.001,-3.0000000000000003E-4,100,518.67,642.91,1588.94,1407.43,14.620000000000001,21.61,553.1800000000001,2388.08,9057.58,1.3,47.36,521.47,2388.12,8130.76,8.4575,0.03,395,2388,100,38.82,23.235,0,0.3035275934737944,4.8483753980070485,2.5943417276835308,0,3.552713678800501E-15,0.34826570316355837,0.029137604568625602,3.4853466111705296,2.220446049250313E-16,0.07769169839822022,0.402717022237692,0.025079872407898048,2.8826890224233295,0.018604410767342316,6.938893903907228E-18,1.0770329614269007,0,0,0.10714942836991717,0.05683850455457133,518.67,642.9466666666666,1589.8700000000001,1408.3633333333337,14.620000000000001,21.61,553.19,2388.08,9055.403333333334,1.3,47.39333333333334,521.36,2388.12,8132.273333333333,8.448133333333333,0.03,394.6666666666667,2388,100,38.80666666666667,23.25273333333334,136
90,146,-0.0011,3.0000000000000003E-4,100,518.67,643.45,1587.78,1418.8500000000001,14.620000000000001,21.61,552.3100000000001,2388.19,9087.59,1.3,48.0,521.32,2388.09,8156.46,8.4686,0.03,393,2388,100,38.6,23.140900000000002,0,0.3350761107569347,4.96054996950947,4.01372009487457,0,3.552713678800501E-15,0.38429285707650546,0.025612496949729405,5.155967416499065,2.220446049250313E-16,0.14879852149803202,0.45623349285206977,0.021354156504009132,3.4704287919504875,0.016717538694436998,6.938893903907228E-18,1.1,0,0,0.10190682018393,0.048089525886621624,518.67,643.3533333333335,1590.3066666666666,1420.6033333333332,14.620000000000001,21.61,552.3000000000001,2388.183333333334,9085.866666666669,1.3,48.04,520.8966666666666,2388.1033333333335,8156.95,8.471233333333334,0.03,394.0,2388,100,38.660000000000004,23.138599999999997,28
91,234,-3.0000000000000003E-4,1.0E-4,100,518.67,643.1800000000001,1605.05,1419.74,14.620000000000001,21.61,552.22,2388.2000000000003,9052.130000000001,1.3,48.01,520.96,2388.21,8123.71,8.5104,0.03,395,2388,100,38.730000000000004,23.252200000000002,0,0.1993890669018819,4.23159733434075,3.7994169289511017,0,3.552713678800501E-15,0.35493661405946264,0.027495454169729882,3.5776305007642293,2.220446049250313E-16,0.05617828762075233,0.3611924694674721,0.027640549922191438,3.5732003862083617,0.02482446374043166,6.938893903907228E-18,0.4898979485566357,0,0,0.08402975663418237,0.062071733502456435,518.67,643.1999999999999,1600.3766666666668,1419.5199999999998,14.620000000000001,21.61,552.2266666666667,2388.1966666666667,9051.473333333332,1.3,47.98333333333333,520.35,2388.223333333334,8124.52,8.500366666666666,0.03,394.6666666666667,2388,100,38.68666666666667,23.1792,38
92,150,-0.001,-4.0E-4,100,518.67,644.03,1597.06,1414.07,14.620000000000001,21.61,550.88,2388.23,9049.25,1.3,47.980000000000004,520.17,2388.19,8122.89,8.480400000000001,0.03,394,2388,100,38.53,23.121100000000002,0,0.34252153216985853,3.2478868514774373,3.517962478480967,0,3.552713678800501E-15,0.49215952698286153,0.021354156504077272,2.1677176937970817,2.220446049250313E-16,0.12000416659433019,0.37745993164837327,0.029137604568681794,2.6452049069967494,0.021444414191112725,6.938893903907228E-18,1.1180339887498951,0,0,0.08239538822045811,0.04979672780414393,518.67,643.4066666666666,1596.9133333333332,1418.3833333333332,14.620000000000001,21.61,551.4266666666666,2388.2299999999996,9049.823333333334,1.3,47.96,520.3000000000001,2388.203333333333,8123.026666666668,8.480733333333333,0.03,394.6666666666667,2388,100,38.53333333333334,23.126666666666665,20
93,244,-0.0019,-3.0000000000000003E-4,100,518.67,643.02,1598.8400000000001,1416.19,14.620000000000001,21.61,552.86,2388.15,9074.82,1.3,47.67,520.66,2388.14,8155.63,8.4826,0.03,392,2388,100,38.7,23.1944,0,0.3450347808555006,2.4416037762093974,1.7410402063134764,0,3.552713678800501E-15,0.3598902610519047,0.0309999999999168,3.5034652845430863,2.220446049250313E-16,0.0675277720645354,0.2006514390678315,0.03099999999997547,2.1158849212562325,0.022302143394750274,6.938893903907228E-18,1.095445115010332,0,0,0.08900000000000026,0.03950308342395551,518.67,642.9599999999999,1596.4266666666665,1416.236666666667,14.620000000000001,21.61,552.59,2388.1333333333328,9076.026666666668,1.3,47.71,520.7866666666665,2388.1266666666666,8155.066666666667,8.4863,0.03,393.3333333333333,2388,100,38.730000000000004,23.210066666666666,85
94,133,8.0E-4,1.0E-4,100,518.67,642.77,1589.5,1420.94,14.620000000000001,21.61,552.78,2388.17,9051.22,1.3,47.81,520.62,2388.13,8133.360000000001,8.5167,0.03,393,2388,100,38.63,23.293300000000002,0,0.2690278795961535,4.37869432593781,2.9420776672276983,0,3.552713678800501E-15,0.269482838043542,0.022999999999984026,3.93141399498994,2.220446049250313E-16,0.07655716818169235,0.3373262515725786,0.02408318915750604,2.6141432630978385,0.024967266570452087,6.938893903907228E-18,0.5385164807134505,0,0,0.1422673539502291,0.0684338578482905,518.67,642.7933333333334,1591.1333333333334,1417.4733333333334,14.620000000000001,21.61,552.8066666666667,2388.16,9055.186666666666,1.3,47.75333333333333,520.6800000000001,2388.1366666666668,8133.713333333333,8.490933333333334,0.03,393.3333333333333,2388,100,38.586666666666666,23.27026666666667,55
95,89,1.0E-4,4.0E-4,100,518.67,641.97,1586.25,1398.6100000000001,14.620000000000001,21.61,553.47,2388.08,9052.14,1.3,47.42,521.95,2388.1,8135.14,8.429400000000001,0.03,394,2388,100,38.94,23.3458,0,0.37971041597510546,2.6608797417395795,3.516817453323401,0,0.0029999999999994033,0.2464467488120025,0.03477067730147884,3.8551010362895273,2.220446049250313E-16,0.05741080037763006,0.24923884127478368,0.029051678092619562,3.941340381139568,0.02064676487975764,6.938893903907228E-18,1.2000000000000002,0,0,0.07133722730804684,0.045456846569026495,518.67,642.04,1584.986666666667,1400.8733333333332,14.620000000000001,21.61,553.4000000000001,2388.08,9052.123333333331,1.3,47.42333333333334,521.9466666666667,2388.0666666666666,8134.860000000001,8.429033333333331,0.03,393.6666666666667,2388,100,38.93333333333333,23.340733333333333,128
96,97,-6.000000000000001E-4,3.0000000000000003E-4,100,518.67,642.3000000000001,1590.88,1397.94,14.620000000000001,21.61,553.99,2388.03,9062.41,1.3,47.14,522.3,2388.01,8148.24,8.411,0.03,391,2388,100,38.96,23.4606,0,0.16498484778910502,4.452543205854432,3.2423658029284774,0,3.552713678800501E-15,0.47969156757233977,0.022271057451393756,4.095338325461968,2.220446049250313E-16,0.0958331884056872,0.27192094439377745,0.03377869150806556,3.1617811435960133,0.01592629586564321,6.938893903907228E-18,0.9433981132056604,0,0,0.06711184694224961,0.055491120911367424,518.67,642.2733333333333,1589.0766666666668,1397.0133333333333,14.620000000000001,21.61,554.14,2388.03,9067.306666666664,1.3,47.17666666666667,522.3433333333334,2388.013333333334,8148.7233333333315,8.409233333333333,0.03,391.3333333333333,2388,100,38.98333333333333,23.42396666666667,137
97,134,0.0013000000000000002,-1.0E-4,100,518.67,642.59,1582.96,1410.92,14.620000000000001,21.61,554.0500000000001,2388.06,9076.36,1.3,47.38,521.58,2388.06,8155.4800000000005,8.450000000000001,0.03,395,2388,100,38.61,23.2953,0,0.22691187716821778,3.196473212776817,3.7958719683361455,0,3.552713678800501E-15,0.2877516290136356,0.020024984394522313,3.2119838106690515,2.220446049250313E-16,0.08340263784797164,0.19182283492846458,0.012041594578771901,3.372981025739579,0.024040099833403418,6.938893903907228E-18,1.0770329614269007,0,0,0.14717676447048378,0.05882576051357062,518.67,642.65,1584.2933333333333,1405.746666666667,14.620000000000001,21.61,553.87,2388.056666666667,9075.866666666669,1.3,47.38333333333333,521.59,2388.06,8155.7633333333315,8.436166666666667,0.03,394.3333333333333,2388,100,38.71,23.3288,82
98,121,0.0017000000000000001,1.0E-4,100,518.67,642.6800000000001,1599.51,1415.47,14.620000000000001,21.61,553.44,2388.13,9062.34,1.3,47.660000000000004,521.53,2388.09,8146.39,8.4235,0.03,394,2388,100,38.76,23.3608,0,0.2565716274259529,4.651838453772864,5.160053197400173,0,3.552713678800501E-15,0.3677988580732623,0.02107130750566905,1.9743376104406012,2.220446049250313E-16,0.07639371701913719,0.2627717640843403,0.026532998322822497,2.508947189559834,0.0265328569890241,6.938893903907228E-18,0.9,0,0,0.04011234224026345,0.053922689102083886,518.67,642.7466666666667,1595.9166666666667,1414.1933333333334,14.620000000000001,21.61,553.3366666666667,2388.1233333333334,9062.366666666669,1.3,47.69,521.5833333333334,2388.11,8143.72,8.4491,0.03,394.0,2388,100,38.76,23.338633333333338,59
99,97,0.0047,0.0,100,518.67,642.0,1585.03,1397.98,14.620000000000001,21.61,554.75,2388.01,9067.16,1.3,47.26,521.82,2388.02,8150.38,8.4003,0.03,391,2388,100,38.95,23.3595,0,0.27096863287102946,2.6112029794713134,2.6858408366840942,0,3.552713678800501E-15,0.36092104399716457,0.02097617696347067,4.346574398305067,2.220446049250313E-16,0.09455686120002137,0.35936610858566453,0.03377869150812076,4.28461153431668,0.01249411461448945,6.938893903907228E-18,0.8,0,0,0.08634813257969226,0.056822069656076675,518.67,642.19,1585.67,1397.5566666666666,14.620000000000001,21.61,554.7133333333334,2388.016666666667,9067.933333333332,1.3,47.23333333333333,521.7766666666666,2388.016666666667,8151.09,8.397433333333336,0.03,391.0,2388,100,38.94,23.34506666666667,117
100,198,0.0013000000000000002,3.0000000000000003E-4,100,518.67,642.95,1601.6200000000001,1424.99,14.620000000000001,21.61,552.48,2388.06,9155.03,1.3,47.800000000000004,521.07,2388.05,8214.64,8.490300000000001,0.03,396,2388,100,38.7,23.1855,0,0.16539649331228742,3.4876404631211644,4.856356659060374,0,3.552713678800501E-15,0.3028795139985587,0.0282134719593319,5.728272078035555,2.220446049250313E-16,0.08038034585643333,0.2490803083344772,0.025865034312786986,4.869626371704212,0.021772976369803132,6.938893903907228E-18,0.8306623862918076,0,0,0.08639444426582146,0.05422578353514118,518.67,643.1366666666668,1598.92,1422.1333333333332,14.620000000000001,21.61,552.9133333333333,2388.06,9150.23,1.3,47.7,521.0999999999999,2388.056666666667,8215.053333333331,8.477633333333333,0.03,395.3333333333333,2388,100,38.669999999999995,23.196,20
